Source,Target
1001,1
1001,1
1001,1
1001,1
1001,1
1001,2
1001,2
1001,8
1001,9
1001,9
1001,9
1001,9
1001,9
1001,9
1001,9
1001,9
1001,9
1001,9
1001,9
1001,9
1001,9
1001,9
1001,9
1001,9
1001,9
1001,9
1001,9
1001,9
1003,1
1003,1
1003,2
1003,2
1003,2
1003,2
1003,3
1003,4
1003,8
1003,9
1006,1
1006,1
1006,1
1006,1
1006,1
1006,1
1006,2
1006,2
1006,2
1006,2
1006,2
1006,2
1006,2
1006,2
1006,2
1006,2
1006,2
1006,2
1006,2
1006,2
1006,2
1006,2
1006,2
1006,2
1006,2
1006,2
1006,2
1006,2
1006,2
1006,2
1006,2
1006,2
1006,2
1006,2
1006,2
1006,2
1006,2
1006,2
1006,3
1006,3
1006,3
1006,4
1006,4
1006,5
1006,5
1006,5
1006,5
1006,5
1006,5
1006,5
1006,5
1006,5
1006,5
1006,5
1006,5
1006,5
1006,5
1006,5
1006,5
1006,5
1006,5
1006,5
1006,5
1006,5
1006,5
1006,5
1006,5
1006,6
1006,6
1006,6
1006,7
1006,7
1006,7
1006,7
1006,7
1006,7
1006,8
1006,8
1006,8
1006,8
1006,8
1006,8
1006,9
1007,1
1007,1
1007,1
1007,1
1007,1
1007,1
1007,1
1007,1
1007,1
1007,1
1007,1
1007,1
1007,2
1007,2
1007,2
1007,3
1007,7
1007,8
1007,8
1007,8
1007,8
1007,9
1008,1
1008,2
1008,2
1009,1
1009,2
1009,3
1009,3
1009,4
1009,4
1009,5
1009,5
1009,7
1009,8
1009,8
1009,8
1009,8
2102,1
2102,1
2102,1
2102,1
2102,1
2102,1
2102,1
2102,1
2102,1
2102,1
2102,1
2102,1
2102,1
2102,1
2102,1
2102,1
2102,1
2102,1
2102,2
2102,2
2102,2
2102,2
2102,2
2102,2
2102,2
2102,2
2102,3
2102,3
2102,3
2102,3
2102,3
2102,3
2102,3
2102,3
2102,3
2102,3
2102,3
2102,3
2102,3
2102,3
2102,4
2102,4
2102,4
2102,4
2102,4
2102,4
2102,5
2102,5
2102,5
2102,6
2102,6
2102,6
2102,6
2102,6
2102,6
2102,6
2102,6
2102,6
2102,6
2102,7
2102,7
2102,7
2102,7
2102,7
2102,8
2102,8
2102,9
2102,9
2104,1
2104,1
2104,1
2104,1
2104,1
2104,1
2104,1
2104,1
2104,2
2104,2
2104,2
2104,2
2104,2
2104,2
2104,2
2104,2
2104,2
2104,2
2104,2
2104,2
2104,3
2104,6
2104,6
2104,7
2104,7
2104,8
2104,8
2104,8
2104,8
2104,8
2104,9
2104,9
2104,9
2104,9
2104,9
2104,9
2104,9
2104,9
2104,9
2104,9
2105,1
2105,1
2105,1
2105,2
2105,2
2105,2
2105,2
2105,2
2105,2
2105,2
2105,2
2105,2
2105,2
2105,3
2105,3
2105,3
2105,3
2105,3
2105,3
2105,3
2105,3
2105,3
2105,3
2105,3
2105,3
2105,4
2105,4
2105,4
2105,4
2105,6
2105,6
2105,6
2105,6
2105,7
2105,8
2105,8
2105,9
2105,9
2105,9
2105,9
2107,2
2107,2
2107,2
2107,3
2107,3
2107,3
2107,3
2107,3
2107,3
2107,3
2107,3
2107,3
2107,3
2107,3
2107,3
2107,3
2107,3
2107,3
2107,5
2107,7
2107,7
2107,7
2107,7
2107,7
2107,7
2107,7
2107,7
2107,8
2107,8
2107,8
2107,8
2107,9
2107,9
2107,MI
2108,2
2108,2
2108,2
2108,3
2108,3
2108,7
2108,8
2108,9
2201,1
2201,1
2201,1
2201,2
2201,2
2201,2
2201,2
2201,2
2201,2
2201,2
2201,2
2201,2
2201,2
2201,2
2201,2
2201,2
2201,2
2201,2
2201,2
2201,2
2201,2
2201,3
2201,3
2201,3
2201,3
2201,4
2201,4
2201,4
2201,4
2201,4
2201,4
2201,4
2201,4
2201,4
2201,4
2201,4
2201,4
2201,4
2201,4
2201,4
2201,4
2201,4
2201,4
2201,5
2201,5
2201,5
2201,5
2201,6
2201,6
2201,6
2201,7
2201,7
2201,8
2201,9
2201,9
2201,9
2201,9
2201,9
2201,9
2201,9
2201,9
2202,2
2202,2
2202,2
2202,2
2202,2
2202,2
2202,2
2202,2
2202,2
2202,2
2202,2
2202,2
2202,2
2202,2
2202,2
2202,2
2202,3
2202,3
2202,3
2202,3
2202,3
2202,3
2202,3
2202,3
2202,3
2202,3
2202,3
2202,3
2202,3
2202,3
2202,3
2202,3
2202,4
2202,5
2202,5
2202,5
2202,5
2202,7
2202,7
2202,7
2202,7
2202,7
2202,7
2202,9
2202,9
2203,1
2203,1
2203,1
2203,1
2203,1
2203,1
2203,1
2203,2
2203,2
2203,2
2203,2
2203,2
2203,2
2203,2
2203,2
2203,2
2203,2
2203,2
2203,2
2203,2
2203,2
2203,2
2203,2
2203,2
2203,2
2203,3
2203,3
2203,3
2203,3
2203,4
2203,4
2203,4
2203,4
2203,4
2203,4
2203,4
2203,4
2203,4
2203,4
2203,4
2203,4
2203,4
2203,4
2203,4
2203,4
2203,5
2203,5
2203,5
2203,5
2203,5
2203,5
2203,6
2203,6
2203,6
2203,6
2203,6
2203,6
2203,6
2203,6
2203,6
2203,6
2203,7
2203,7
2203,7
2203,7
2205,1
2205,1
2205,2
2205,2
2205,2
2205,3
2205,3
2205,3
2205,3
2205,3
2205,3
2205,4
2205,6
2205,6
2205,6
2205,6
2205,7
2205,7
2205,8
2205,8
2205,8
2205,8
2205,9
2206,1
2206,1
2206,1
2207,1
2207,1
2207,1
2207,1
2207,2
2207,2
2207,3
2207,3
2207,6
2207,6
2207,6
2207,6
2207,6
2207,6
2207,7
2207,8
2207,8
2207,8
2207,8
2207,8
2207,8
2207,8
2207,8
2207,8
2207,9
2207,9
2207,9
2207,9
2301,1
2301,1
2301,1
2301,1
2301,1
2301,1
2301,2
2301,4
2301,5
2301,5
2301,7
2301,8
2302,1
2302,1
2302,2
2302,2
2302,2
2302,2
2302,2
2302,2
2302,2
2302,2
2302,2
2302,2
2302,2
2302,2
2302,2
2302,2
2302,2
2302,2
2302,2
2302,2
2302,2
2302,2
2302,2
2302,2
2302,2
2302,2
2302,3
2302,3
2302,3
2302,3
2302,3
2302,3
2302,3
2302,3
2302,3
2302,3
2302,3
2302,3
2302,3
2302,3
2302,3
2302,3
2302,3
2302,3
2302,3
2302,3
2302,3
2302,3
2302,3
2302,3
2302,4
2302,4
2302,4
2302,4
2302,5
2302,6
2302,6
2302,7
2302,7
2302,7
2302,7
2302,7
2302,7
2302,9
2302,9
2303,1
2303,1
2303,1
2303,1
2303,1
2303,1
2303,2
2303,2
2303,2
2303,2
2303,2
2303,2
2303,2
2303,2
2303,3
2303,3
2303,4
2303,5
2303,5
2303,5
2303,6
2303,6
2303,6
2303,6
2303,6
2303,6
2303,6
2303,6
2303,7
2305,1
2305,2
2305,2
2305,3
2305,3
2305,4
2305,4
2305,5
2305,6
2305,6
2305,6
2305,6
2305,6
2305,6
2305,6
2305,6
2305,6
2305,7
2305,8
2305,8
2305,8
2305,8
2305,8
2305,8
2305,9
2306,7
2306,7
2306,7
2306,7
2306,7
2306,7
2306,7
2306,7
2306,9
2307,2
2307,2
2307,2
2307,2
2307,3
2307,3
2307,8
2401,1
2401,1
2401,1
2401,1
2401,1
2401,1
2401,1
2401,1
2401,1
2401,1
2401,2
2401,2
2401,2
2401,2
2401,2
2401,2
2401,2
2401,2
2401,2
2401,2
2401,2
2401,2
2401,2
2401,2
2401,2
2401,2
2401,2
2401,2
2401,2
2401,2
2401,2
2401,2
2401,2
2401,2
2401,2
2401,2
2401,2
2401,2
2401,2
2401,2
2401,2
2401,2
2401,2
2401,2
2401,2
2401,2
2401,2
2401,2
2401,2
2401,2
2401,2
2401,2
2401,2
2401,2
2401,2
2401,2
2401,2
2401,2
2401,2
2401,2
2401,3
2401,3
2401,3
2401,4
2401,4
2401,4
2401,4
2401,4
2401,4
2401,4
2401,4
2401,5
2401,5
2401,5
2401,5
2401,6
2401,6
2401,6
2401,6
2401,6
2401,6
2401,6
2401,7
2401,7
2401,7
2401,7
2401,7
2401,7
2401,7
2401,7
2401,8
2401,8
2401,9
2401,9
2401,9
2401,9
2401,9
2401,9
2401,9
2401,9
2403,1
2403,1
2403,1
2403,1
2403,2
2403,3
2403,4
2403,7
2403,7
2405,1
2405,1
2405,1
2405,1
2405,1
2405,1
2405,1
2405,1
2405,2
2405,2
2405,3
2405,3
2405,3
2405,3
2405,3
2405,3
2405,4
2405,4
2405,4
2405,4
2405,4
2405,4
2405,4
2405,4
2405,4
2405,4
2405,4
2405,6
2405,6
2405,6
2405,6
2405,6
2405,6
2405,6
2405,6
2405,6
2405,6
2405,7
2405,8
2405,8
2405,8
2405,8
2405,8
2405,8
2405,8
2405,8
2405,9
2405,9
2405,9
2406,1
2406,1
2406,1
2406,1
2406,1
2406,1
2406,1
2406,1
2406,1
2406,1
2406,1
2406,1
2406,1
2406,1
2406,1
2406,1
2406,1
2406,1
2406,1
2406,1
2406,1
2406,1
2406,1
2406,1
2406,1
2406,1
2406,1
2406,1
2406,1
2406,1
2406,1
2406,1
2406,1
2406,1
2406,1
2406,1
2406,1
2406,1
2406,1
2406,1
2406,1
2406,1
2406,1
2406,1
2406,1
2406,1
2406,1
2406,1
2406,1
2406,1
2406,1
2406,1
2406,2
2406,2
2406,2
2406,2
2406,2
2406,2
2406,2
2406,2
2406,7
2406,7
2406,7
2406,7
2406,9
2406,9
2406,9
2406,9
2407,1
2407,1
2407,1
2407,1
2407,1
2407,1
2407,2
2407,2
2407,2
2407,2
2407,2
2407,2
2407,2
2407,2
2407,2
2407,2
2407,2
2407,2
2407,2
2407,2
2407,2
2407,2
2407,3
2407,3
2407,3
2407,3
2407,4
2407,6
2407,6
2407,6
2407,6
2407,6
2407,6
2407,6
2407,6
2407,6
2407,7
2407,8
2407,8
2407,8
2407,9
2407,9
2407,9
2408,1
2408,2
2408,7
2408,7
2408,9
2408,9
3111,1
3111,1
3111,1
3111,1
3111,1
3111,1
3111,1
3111,1
3111,1
3111,1
3111,1
3111,1
3111,1
3111,1
3111,1
3111,1
3111,1
3111,1
3111,1
3111,1
3111,1
3111,1
3111,1
3111,1
3111,1
3111,1
3111,1
3111,1
3111,1
3111,1
3111,1
3111,1
3111,1
3111,1
3111,1
3111,2
3111,2
3111,2
3111,2
3111,2
3111,2
3111,2
3111,2
3111,2
3111,2
3111,2
3111,2
3111,2
3111,2
3111,2
3111,2
3111,2
3111,2
3111,2
3111,2
3111,2
3111,2
3111,2
3111,2
3111,2
3111,2
3111,2
3111,2
3111,2
3111,2
3111,2
3111,2
3111,2
3111,2
3111,2
3111,2
3111,2
3111,2
3111,2
3111,2
3111,2
3111,2
3111,2
3111,2
3111,2
3111,2
3111,2
3111,2
3111,2
3111,2
3111,2
3111,2
3111,2
3111,2
3111,2
3111,2
3111,2
3111,2
3111,2
3111,2
3111,2
3111,2
3111,2
3111,2
3111,2
3111,2
3111,2
3111,2
3111,2
3111,2
3111,2
3111,2
3111,2
3111,2
3111,2
3111,2
3111,2
3111,2
3111,2
3111,2
3111,2
3111,2
3111,2
3111,2
3111,2
3111,2
3111,2
3111,2
3111,2
3111,2
3111,2
3111,2
3111,2
3111,2
3111,2
3111,2
3111,2
3111,2
3111,2
3111,2
3111,2
3111,2
3111,2
3111,2
3111,2
3111,2
3111,2
3111,2
3111,2
3111,2
3111,2
3111,2
3111,2
3111,2
3111,2
3111,2
3111,2
3111,2
3111,2
3111,2
3111,2
3111,2
3111,2
3111,2
3111,2
3111,2
3111,2
3111,2
3111,2
3111,2
3111,2
3111,2
3111,2
3111,2
3111,2
3111,2
3111,2
3111,2
3111,2
3111,2
3111,2
3111,2
3111,2
3111,2
3111,2
3111,2
3111,2
3111,2
3111,2
3111,2
3111,2
3111,2
3111,2
3111,2
3111,2
3111,2
3111,2
3111,2
3111,2
3111,2
3111,2
3111,2
3111,2
3111,2
3111,2
3111,2
3111,2
3111,2
3111,2
3111,2
3111,2
3111,2
3111,2
3111,2
3111,2
3111,2
3111,2
3111,2
3111,2
3111,2
3111,2
3111,2
3111,2
3111,2
3111,2
3111,2
3111,2
3111,2
3111,2
3111,2
3111,2
3111,2
3111,2
3111,2
3111,2
3111,2
3111,2
3111,2
3111,2
3111,2
3111,2
3111,2
3111,2
3111,2
3111,2
3111,2
3111,2
3111,2
3111,2
3111,2
3111,2
3111,2
3111,2
3111,2
3111,2
3111,2
3111,2
3111,2
3111,2
3111,2
3111,2
3111,2
3111,2
3111,2
3111,2
3111,2
3111,2
3111,2
3111,2
3111,2
3111,2
3111,2
3111,2
3111,2
3111,2
3111,2
3111,2
3111,2
3111,2
3111,2
3111,2
3111,2
3111,2
3111,2
3111,2
3111,2
3111,2
3111,2
3111,2
3111,2
3111,2
3111,2
3111,2
3111,2
3111,2
3111,2
3111,2
3111,2
3111,2
3111,2
3111,2
3111,2
3111,2
3111,2
3111,2
3111,2
3111,2
3111,2
3111,2
3111,2
3111,2
3111,2
3111,2
3111,2
3111,2
3111,2
3111,2
3111,2
3111,2
3111,2
3111,2
3111,2
3111,2
3111,2
3111,2
3111,2
3111,2
3111,2
3111,2
3111,2
3111,2
3111,2
3111,2
3111,2
3111,2
3111,2
3111,2
3111,2
3111,2
3111,2
3111,2
3111,2
3111,2
3111,2
3111,2
3111,2
3111,2
3111,2
3111,2
3111,2
3111,2
3111,2
3111,2
3111,2
3111,2
3111,2
3111,2
3111,2
3111,2
3111,2
3111,2
3111,2
3111,2
3111,2
3111,2
3111,2
3111,2
3111,2
3111,2
3111,2
3111,2
3111,2
3111,2
3111,2
3111,2
3111,2
3111,2
3111,2
3111,2
3111,2
3111,2
3111,2
3111,2
3111,2
3111,2
3111,2
3111,2
3111,2
3111,2
3111,2
3111,2
3111,2
3111,2
3111,2
3111,2
3111,2
3111,2
3111,2
3111,2
3111,2
3111,2
3111,2
3111,2
3111,2
3111,2
3111,2
3111,2
3111,2
3111,2
3111,2
3111,2
3111,2
3111,2
3111,2
3111,2
3111,2
3111,2
3111,2
3111,2
3111,2
3111,2
3111,2
3111,2
3111,2
3111,2
3111,2
3111,2
3111,2
3111,2
3111,2
3111,2
3111,2
3111,2
3111,2
3111,2
3111,2
3111,2
3111,2
3111,2
3111,2
3111,2
3111,2
3111,2
3111,2
3111,2
3111,2
3111,2
3111,2
3111,2
3111,2
3111,2
3111,2
3111,2
3111,2
3111,2
3111,2
3111,2
3111,2
3111,2
3111,2
3111,2
3111,2
3111,2
3111,2
3111,2
3111,2
3111,2
3111,2
3111,3
3111,3
3111,3
3111,3
3111,3
3111,3
3111,3
3111,3
3111,3
3111,3
3111,3
3111,3
3111,3
3111,3
3111,3
3111,3
3111,3
3111,3
3111,3
3111,3
3111,3
3111,3
3111,3
3111,3
3111,3
3111,3
3111,3
3111,3
3111,3
3111,3
3111,3
3111,3
3111,3
3111,3
3111,3
3111,3
3111,3
3111,3
3111,3
3111,3
3111,3
3111,3
3111,3
3111,3
3111,3
3111,3
3111,3
3111,3
3111,3
3111,3
3111,3
3111,3
3111,3
3111,3
3111,3
3111,3
3111,3
3111,3
3111,3
3111,3
3111,3
3111,3
3111,3
3111,3
3111,3
3111,3
3111,3
3111,3
3111,3
3111,3
3111,3
3111,3
3111,3
3111,3
3111,3
3111,3
3111,3
3111,3
3111,3
3111,3
3111,3
3111,3
3111,3
3111,3
3111,3
3111,3
3111,3
3111,3
3111,3
3111,3
3111,3
3111,3
3111,3
3111,3
3111,3
3111,3
3111,3
3111,3
3111,3
3111,3
3111,3
3111,3
3111,3
3111,3
3111,3
3111,3
3111,3
3111,3
3111,3
3111,3
3111,3
3111,3
3111,3
3111,3
3111,3
3111,3
3111,3
3111,3
3111,3
3111,3
3111,3
3111,3
3111,3
3111,3
3111,3
3111,3
3111,3
3111,3
3111,3
3111,3
3111,3
3111,3
3111,3
3111,3
3111,3
3111,3
3111,3
3111,3
3111,3
3111,3
3111,3
3111,3
3111,3
3111,3
3111,3
3111,3
3111,3
3111,3
3111,3
3111,3
3111,3
3111,3
3111,3
3111,3
3111,3
3111,3
3111,3
3111,3
3111,3
3111,3
3111,3
3111,3
3111,3
3111,3
3111,3
3111,3
3111,3
3111,3
3111,3
3111,3
3111,3
3111,3
3111,3
3111,3
3111,3
3111,3
3111,3
3111,3
3111,3
3111,3
3111,3
3111,3
3111,3
3111,3
3111,3
3111,3
3111,3
3111,3
3111,3
3111,3
3111,3
3111,3
3111,3
3111,3
3111,3
3111,3
3111,3
3111,3
3111,3
3111,3
3111,3
3111,3
3111,3
3111,3
3111,3
3111,3
3111,3
3111,3
3111,3
3111,3
3111,3
3111,3
3111,3
3111,3
3111,3
3111,3
3111,3
3111,3
3111,3
3111,3
3111,3
3111,3
3111,3
3111,3
3111,3
3111,3
3111,3
3111,3
3111,3
3111,3
3111,3
3111,3
3111,3
3111,3
3111,3
3111,3
3111,3
3111,3
3111,3
3111,3
3111,3
3111,3
3111,3
3111,3
3111,3
3111,3
3111,3
3111,3
3111,3
3111,3
3111,3
3111,3
3111,3
3111,3
3111,3
3111,3
3111,3
3111,3
3111,3
3111,3
3111,3
3111,3
3111,3
3111,3
3111,3
3111,3
3111,3
3111,3
3111,3
3111,3
3111,3
3111,3
3111,3
3111,3
3111,3
3111,3
3111,3
3111,3
3111,3
3111,3
3111,3
3111,3
3111,3
3111,3
3111,3
3111,3
3111,3
3111,3
3111,3
3111,3
3111,3
3111,3
3111,3
3111,3
3111,3
3111,3
3111,3
3111,3
3111,3
3111,3
3111,3
3111,3
3111,3
3111,3
3111,3
3111,3
3111,3
3111,3
3111,3
3111,3
3111,3
3111,3
3111,3
3111,3
3111,3
3111,3
3111,3
3111,3
3111,3
3111,4
3111,4
3111,4
3111,4
3111,4
3111,4
3111,6
3111,6
3111,6
3111,6
3111,6
3111,6
3111,6
3111,6
3111,6
3111,6
3111,6
3111,6
3111,6
3111,6
3111,6
3111,6
3111,6
3111,6
3111,6
3111,6
3111,6
3111,6
3111,6
3111,6
3111,6
3111,6
3111,6
3111,6
3111,6
3111,6
3111,6
3111,6
3111,6
3111,6
3111,6
3111,6
3111,6
3111,6
3111,6
3111,6
3111,6
3111,6
3111,6
3111,6
3111,6
3111,6
3111,6
3111,6
3111,6
3111,6
3111,6
3111,6
3111,6
3111,6
3111,6
3111,6
3111,6
3111,6
3111,6
3111,6
3111,6
3111,6
3111,6
3111,6
3111,6
3111,6
3111,6
3111,6
3111,6
3111,6
3111,6
3111,6
3111,6
3111,6
3111,6
3111,6
3111,6
3111,6
3111,6
3111,6
3111,6
3111,6
3111,6
3111,6
3111,6
3111,6
3111,6
3111,6
3111,6
3111,6
3111,6
3111,6
3111,6
3111,6
3111,6
3111,6
3111,6
3111,6
3111,6
3111,6
3111,6
3111,6
3111,6
3111,6
3111,6
3111,6
3111,6
3111,6
3111,6
3111,6
3111,6
3111,6
3111,6
3111,6
3111,6
3111,6
3111,6
3111,6
3111,6
3111,6
3111,6
3111,6
3111,6
3111,6
3111,6
3111,6
3111,6
3111,6
3111,6
3111,6
3111,6
3111,6
3111,6
3111,6
3111,6
3111,6
3111,6
3111,6
3111,6
3111,6
3111,6
3111,6
3111,6
3111,6
3111,6
3111,6
3111,6
3111,6
3111,6
3111,6
3111,6
3111,6
3111,6
3111,6
3111,6
3111,6
3111,6
3111,6
3111,6
3111,6
3111,6
3111,6
3111,6
3111,6
3111,6
3111,6
3111,6
3111,6
3111,6
3111,6
3111,6
3111,6
3111,6
3111,6
3111,6
3111,6
3111,6
3111,6
3111,6
3111,6
3111,6
3111,6
3111,6
3111,6
3111,6
3111,6
3111,6
3111,6
3111,6
3111,6
3111,6
3111,6
3111,6
3111,6
3111,6
3111,6
3111,6
3111,6
3111,6
3111,6
3111,6
3111,6
3111,6
3111,6
3111,6
3111,6
3111,6
3111,6
3111,6
3111,6
3111,6
3111,6
3111,6
3111,6
3111,6
3111,6
3111,6
3111,6
3111,6
3111,6
3111,6
3111,6
3111,6
3111,6
3111,6
3111,6
3111,6
3111,6
3111,6
3111,6
3111,6
3111,6
3111,6
3111,6
3111,7
3111,7
3111,7
3111,7
3111,7
3111,7
3111,7
3111,8
3112,1
3112,1
3112,2
3112,3
3112,3
3112,3
3112,3
3112,3
3112,3
3112,3
3112,3
3112,3
3112,4
3112,4
3112,5
3112,5
3112,6
3112,6
3112,6
3112,6
3112,6
3112,8
3112,8
3112,8
3112,8
3112,8
3112,8
3112,8
3112,8
3112,8
3112,9
3112,9
3121,1
3121,1
3121,1
3121,1
3121,1
3121,1
3121,1
3121,1
3121,1
3121,1
3121,1
3121,1
3121,1
3121,1
3121,1
3121,1
3121,1
3121,1
3121,1
3121,1
3121,1
3121,1
3121,1
3121,1
3121,1
3121,1
3121,1
3121,1
3121,2
3121,2
3121,2
3121,2
3121,2
3121,2
3121,2
3121,2
3121,2
3121,2
3121,2
3121,2
3121,2
3121,2
3121,2
3121,2
3121,2
3121,2
3121,2
3121,2
3121,2
3121,2
3121,2
3121,2
3121,2
3121,2
3121,2
3121,2
3121,2
3121,2
3121,2
3121,2
3121,2
3121,2
3121,2
3121,2
3121,2
3121,2
3121,2
3121,2
3121,2
3121,2
3121,2
3121,2
3121,2
3121,2
3121,2
3121,2
3121,2
3121,2
3121,2
3121,2
3121,2
3121,2
3121,2
3121,2
3121,2
3121,2
3121,2
3121,2
3121,2
3121,2
3121,2
3121,2
3121,2
3121,2
3121,2
3121,2
3121,2
3121,2
3121,2
3121,2
3121,2
3121,2
3121,2
3121,2
3121,2
3121,2
3121,2
3121,2
3121,2
3121,2
3121,2
3121,2
3121,2
3121,2
3121,2
3121,2
3121,2
3121,2
3121,2
3121,2
3121,2
3121,2
3121,2
3121,2
3121,2
3121,2
3121,2
3121,2
3121,2
3121,2
3121,2
3121,2
3121,2
3121,2
3121,3
3121,3
3121,3
3121,3
3121,3
3121,3
3121,3
3121,3
3121,3
3121,3
3121,3
3121,3
3121,3
3121,3
3121,3
3121,3
3121,3
3121,3
3121,3
3121,3
3121,3
3121,3
3121,3
3121,3
3121,3
3121,3
3121,3
3121,3
3121,3
3121,3
3121,3
3121,3
3121,3
3121,3
3121,3
3121,3
3121,3
3121,3
3121,3
3121,3
3121,3
3121,3
3121,3
3121,3
3121,3
3121,3
3121,3
3121,3
3121,3
3121,3
3121,3
3121,3
3121,3
3121,3
3121,3
3121,3
3121,3
3121,3
3121,3
3121,3
3121,3
3121,3
3121,3
3121,3
3121,3
3121,3
3121,3
3121,3
3121,3
3121,3
3121,3
3121,3
3121,3
3121,3
3121,3
3121,3
3121,3
3121,3
3121,3
3121,3
3121,3
3121,3
3121,3
3121,3
3121,4
3121,4
3121,4
3121,4
3121,4
3121,4
3121,4
3121,4
3121,4
3121,4
3121,4
3121,4
3121,4
3121,4
3121,4
3121,4
3121,4
3121,4
3121,4
3121,4
3121,4
3121,4
3121,4
3121,4
3121,4
3121,4
3121,4
3121,4
3121,4
3121,4
3121,4
3121,4
3121,4
3121,4
3121,4
3121,4
3121,5
3121,5
3121,5
3121,5
3121,5
3121,5
3121,5
3121,5
3121,5
3121,5
3121,6
3121,6
3121,6
3121,6
3121,6
3121,6
3121,6
3121,6
3121,6
3121,6
3121,6
3121,6
3121,6
3121,6
3121,6
3121,6
3121,7
3121,7
3121,7
3121,7
3121,7
3121,7
3121,7
3121,7
3121,7
3121,7
3121,7
3121,7
3121,7
3121,7
3121,7
3121,7
3121,7
3121,7
3121,7
3121,7
3121,7
3121,7
3121,7
3121,7
3121,7
3121,7
3121,8
3122,2
3122,2
3122,2
3122,2
3122,2
3122,2
3122,2
3122,3
3122,3
3122,3
3122,4
3122,4
3122,6
3122,6
3122,9
3132,1
3132,1
3132,1
3132,1
3132,1
3132,1
3132,1
3132,1
3132,1
3132,1
3132,1
3132,1
3132,1
3132,1
3132,2
3132,2
3132,2
3132,3
3132,3
3132,3
3132,3
3132,3
3132,3
3132,3
3132,3
3132,4
3132,4
3132,4
3132,4
3132,6
3132,6
3132,6
3132,6
3132,8
3132,8
3132,9
3132,9
3141,1
3141,1
3141,1
3141,1
3141,1
3141,1
3141,1
3141,1
3141,1
3141,1
3141,1
3141,1
3141,1
3141,1
3141,1
3141,1
3141,1
3141,1
3141,1
3141,1
3141,1
3141,1
3141,1
3141,1
3141,1
3141,1
3141,1
3141,1
3141,1
3141,1
3141,1
3141,1
3141,1
3141,1
3141,1
3141,1
3141,1
3141,1
3141,1
3141,1
3141,1
3141,1
3141,1
3141,1
3141,1
3141,1
3141,1
3141,1
3141,1
3141,1
3141,1
3141,1
3141,1
3141,1
3141,1
3141,1
3141,1
3141,1
3141,1
3141,1
3141,1
3141,1
3141,1
3141,1
3141,1
3141,1
3141,2
3141,2
3141,2
3141,2
3141,2
3141,2
3141,2
3141,2
3141,2
3141,2
3141,2
3141,2
3141,2
3141,2
3141,2
3141,2
3141,3
3141,3
3141,3
3141,3
3141,3
3141,3
3141,3
3141,3
3141,3
3141,3
3141,3
3141,3
3141,3
3141,3
3141,3
3141,3
3141,3
3141,3
3141,3
3141,3
3141,3
3141,3
3141,3
3141,3
3141,3
3141,3
3141,3
3141,3
3141,3
3141,3
3141,3
3141,3
3141,3
3141,3
3141,3
3141,3
3141,3
3141,3
3141,3
3141,3
3141,3
3141,3
3141,3
3141,4
3141,4
3141,4
3141,4
3141,4
3141,4
3141,4
3141,4
3141,5
3141,5
3141,5
3141,5
3141,5
3141,5
3141,5
3141,5
3141,5
3141,5
3141,5
3141,5
3141,5
3141,5
3141,5
3141,5
3141,5
3141,5
3141,5
3141,5
3141,5
3141,5
3141,5
3141,5
3141,5
3141,5
3141,5
3141,5
3141,5
3141,5
3141,5
3141,5
3141,5
3141,5
3141,5
3141,5
3141,5
3141,5
3141,5
3141,5
3141,5
3141,5
3141,5
3141,5
3141,5
3141,5
3141,5
3141,5
3141,5
3141,5
3141,5
3141,5
3141,5
3141,5
3141,5
3141,5
3141,5
3141,5
3141,5
3141,5
3141,5
3141,5
3141,5
3141,5
3141,5
3141,5
3141,5
3141,5
3141,5
3141,5
3141,5
3141,5
3141,5
3141,5
3141,5
3141,5
3141,5
3141,5
3141,5
3141,5
3141,5
3141,5
3141,5
3141,5
3141,5
3141,5
3141,5
3141,5
3141,5
3141,5
3141,5
3141,5
3141,5
3141,5
3141,5
3141,5
3141,6
3141,6
3141,6
3141,6
3141,6
3141,6
3141,6
3141,6
3141,6
3141,6
3141,6
3141,6
3141,6
3141,6
3141,6
3141,6
3141,6
3141,6
3141,6
3141,6
3141,6
3141,6
3141,6
3141,6
3141,6
3141,6
3141,6
3141,6
3141,6
3141,6
3141,6
3141,6
3141,6
3141,6
3141,6
3141,6
3141,6
3141,6
3141,6
3141,6
3141,6
3141,6
3141,6
3141,6
3141,6
3141,6
3141,6
3141,6
3141,6
3141,6
3141,6
3141,6
3141,6
3141,6
3141,6
3141,6
3141,6
3141,6
3141,6
3141,6
3141,6
3141,6
3141,6
3141,7
3141,7
3141,7
3141,7
3141,7
3141,7
3141,7
3141,7
3141,7
3141,7
3141,7
3141,7
3141,7
3141,7
3141,7
3141,7
3141,7
3141,7
3141,7
3141,7
3141,7
3141,7
3141,7
3141,7
3141,7
3141,7
3141,7
3141,7
3141,7
3141,7
3141,7
3141,7
3141,7
3141,7
3141,7
3141,7
3141,7
3141,7
3141,7
3141,8
3141,8
3142,1
3142,1
3142,1
3142,1
3142,1
3142,1
3142,1
3142,1
3142,1
3142,1
3142,2
3142,2
3142,2
3142,2
3142,2
3142,3
3142,3
3142,3
3142,4
3142,4
3142,4
3142,6
3142,6
3142,8
3142,8
3142,9
3142,9
3142,9
3291,2
3291,2
3291,2
3291,2
3291,2
3291,2
3291,3
3291,3
3291,3
3291,4
3291,4
3291,6
3291,6
3291,6
3291,7
3291,7
3291,7
3292,1
3292,1
3292,1
3292,1
3292,2
3292,2
3292,2
3292,2
3292,2
3292,2
3292,3
3292,3
3292,4
3292,4
3292,6
3292,6
3292,8
3292,8
3292,9
3292,9
3292,9
3451,1
3451,1
3451,1
3451,1
3451,1
3451,1
3451,1
3451,1
3451,1
3451,1
3451,1
3451,1
3451,1
3451,1
3451,1
3451,1
3451,1
3451,1
3451,1
3451,1
3451,1
3451,1
3451,2
3451,2
3451,2
3451,2
3451,2
3451,2
3451,2
3451,2
3451,2
3451,2
3451,2
3451,2
3451,2
3451,2
3451,2
3451,2
3451,2
3451,2
3451,2
3451,2
3451,2
3451,2
3451,2
3451,2
3451,2
3451,2
3451,2
3451,2
3451,2
3451,2
3451,2
3451,2
3451,2
3451,2
3451,2
3451,2
3451,2
3451,2
3451,2
3451,2
3451,2
3451,2
3451,2
3451,2
3451,2
3451,2
3451,2
3451,2
3451,3
3451,3
3451,3
3451,3
3451,3
3451,3
3451,3
3451,3
3451,3
3451,3
3451,3
3451,3
3451,3
3451,3
3451,4
3451,4
3451,4
3451,5
3451,6
3451,6
3451,6
3451,6
3451,6
3451,6
3451,6
3451,6
3451,6
3451,6
3451,6
3451,6
3451,6
3451,6
3451,6
3451,6
3451,6
3451,6
3451,6
3451,6
3451,6
3451,7
3451,7
3451,7
3451,7
3451,7
3451,7
3451,7
3451,7
3451,7
3451,7
3451,7
3451,7
3451,7
3451,7
3451,7
3451,7
3451,7
3451,7
3451,7
3451,7
3451,8
3452,1
3452,1
3452,1
3452,1
3452,3
3452,3
3452,3
3452,3
3452,4
3452,4
3452,4
3452,6
3452,8
3452,8
3452,8
3452,8
3452,9
3452,9
3452,9
3452,9
3452,9
3461,1
3461,1
3461,2
3461,2
3461,2
3461,2
3461,2
3461,2
3461,2
3461,2
3461,2
3461,2
3461,2
3461,2
3461,2
3461,2
3461,2
3461,2
3461,2
3461,2
3461,2
3461,2
3461,2
3461,2
3461,2
3461,2
3461,2
3461,2
3461,2
3461,2
3461,2
3461,2
3461,2
3461,2
3461,2
3461,2
3461,2
3461,2
3461,2
3461,2
3461,2
3461,2
3461,2
3461,2
3461,2
3461,2
3461,2
3461,2
3461,2
3461,2
3461,2
3461,2
3461,2
3461,2
3461,2
3461,2
3461,2
3461,2
3461,2
3461,2
3461,2
3461,2
3461,2
3461,2
3461,2
3461,2
3461,2
3461,2
3461,2
3461,2
3461,2
3461,2
3461,2
3461,2
3461,2
3461,2
3461,2
3461,2
3461,2
3461,2
3461,2
3461,2
3461,2
3461,2
3461,2
3461,2
3461,2
3461,2
3461,2
3461,2
3461,2
3461,2
3461,2
3461,3
3461,3
3461,3
3461,3
3461,3
3461,3
3461,3
3461,3
3461,3
3461,3
3461,3
3461,3
3461,3
3461,3
3461,3
3461,3
3461,3
3461,3
3461,3
3461,3
3461,3
3461,3
3461,3
3461,3
3461,3
3461,3
3461,3
3461,3
3461,3
3461,3
3461,3
3461,3
3461,3
3461,4
3461,4
3461,4
3461,4
3461,4
3461,4
3461,4
3461,4
3461,5
3461,5
3461,6
3461,6
3461,6
3461,6
3461,6
3461,6
3461,6
3461,6
3461,6
3461,6
3461,6
3461,6
3461,6
3461,6
3461,6
3461,6
3461,6
3461,6
3461,6
3461,6
3461,6
3461,6
3461,6
3461,6
3461,6
3461,6
3461,6
3461,6
3461,6
3461,6
3461,6
3461,6
3461,6
3461,6
3461,6
3461,6
3461,6
3461,6
3461,6
3461,6
3461,6
3461,6
3461,6
3461,6
3461,6
3461,6
3461,6
3461,6
3461,7
3461,7
3461,7
3461,7
3461,7
3461,7
3461,7
3461,7
3461,7
3461,8
3462,1
3462,2
3462,2
3462,2
3462,4
3462,4
3462,4
3462,4
3462,8
3471,1
3471,1
3471,2
3471,2
3471,2
3471,2
3471,2
3471,2
3471,2
3471,2
3471,2
3471,2
3471,2
3471,2
3471,2
3471,2
3471,2
3471,2
3471,2
3471,2
3471,2
3471,2
3471,2
3471,2
3471,2
3471,2
3471,2
3471,2
3471,2
3471,2
3471,2
3471,2
3471,2
3471,2
3471,2
3471,2
3471,2
3471,2
3471,2
3471,2
3471,2
3471,2
3471,2
3471,2
3471,3
3471,3
3471,3
3471,3
3471,3
3471,3
3471,3
3471,3
3471,3
3471,3
3471,3
3471,3
3471,3
3471,3
3471,3
3471,3
3471,3
3471,3
3471,3
3471,3
3471,4
3471,4
3471,4
3471,4
3471,4
3471,4
3471,4
3471,4
3471,4
3471,4
3471,8
3471,6
3471,6
3471,6
3471,6
3471,6
3471,6
3471,6
3471,6
3471,6
3471,6
3471,6
3471,6
3471,6
3471,6
3471,6
3471,6
3471,6
3471,6
3471,6
3471,6
3471,6
3471,6
3471,6
3471,6
3471,6
3471,6
3471,6
3471,6
3471,6
3471,6
3471,6
3471,6
3471,6
3471,6
3471,6
3471,6
3471,7
3471,7
3471,7
3471,7
3471,7
3471,7
3471,7
3471,7
3471,7
3471,7
3471,7
3471,7
3471,8
3472,1
3472,1
3472,1
3472,1
3472,1
3472,1
3472,3
3472,4
3472,4
3472,6
3472,6
3472,8
3472,8
3472,8
3472,8
3472,8
3472,8
3472,8
3472,8
3472,8
3472,8
3472,8
3472,8
3472,8
3472,8
3472,8
3472,8
3472,9
3472,9
3472,9
3472,9
3472,9
3472,9
3472,9
3472,9
4111,1
4111,1
4111,2
4111,2
4111,2
4111,2
4111,3
4111,3
4111,4
4111,4
4111,6
4111,6
4111,6
4111,6
4111,5
4111,7
4111,7
4111,7
4111,7
4111,7
4111,7
4111,7
4111,7
4111,7
4111,7
4111,7
4111,7
4111,7
4111,7
4111,7
4111,7
4111,7
4111,7
4111,7
4111,7
4111,7
4111,7
4291,1
4291,1
4291,1
4291,1
4291,1
4291,1
4291,1
4291,1
4291,2
4291,2
4291,2
4291,3
4291,3
4291,3
4291,3
4291,3
4291,4
4291,4
4291,4
4291,4
4291,4
4291,4
4291,4
4291,4
4291,4
4291,4
4291,6
4291,6
4291,6
4291,6
4291,6
4291,6
4291,6
4291,7
4291,7
4291,7
4451,1
4451,1
4451,1
4451,1
4451,2
4451,2
4451,2
4451,2
4451,2
4451,2
4451,2
4451,2
4451,2
4451,2
4451,2
4451,2
4451,2
4451,2
4451,2
4451,2
4451,2
4451,2
4451,2
4451,2
4451,3
4451,3
4451,3
4451,3
4451,3
4451,3
4451,3
4451,3
4451,3
4451,3
4451,3
4451,3
4451,3
4451,3
4451,3
4451,3
4451,4
4451,5
4451,6
4451,7
4451,7
4451,7
4451,7
4451,8
10011,1
10011,3
10011,3
10011,3
10011,3
10011,4
10011,9
10012,2
10012,4
10012,6
10012,6
10012,6
10012,7
10012,7
10012,7
10012,9
21010,1
21010,1
21010,1
21010,1
21010,1
21010,1
21010,1
21010,1
21010,1
21010,1
21010,1
21010,1
21010,1
21010,1
21010,1
21010,1
21010,8
21010,8
21010,8
21010,8
21010,8
21010,8
21010,8
32101,1
32101,1
32101,1
32101,1
32101,1
32101,1
32101,1
32101,1
32101,2
32101,2
32101,2
32101,2
32101,2
32101,2
32101,2
32101,2
32101,2
32101,2
32101,2
32101,2
32101,2
32101,2
32101,2
32101,2
32101,2
32101,2
32101,2
32101,2
32101,2
32101,2
32101,2
32101,2
32101,2
32101,2
32101,2
32101,2
32101,2
32101,2
32101,3
32101,3
32101,3
32101,3
32101,3
32101,3
32101,3
32101,3
32101,4
32101,4
32101,4
32101,4
32101,6
32101,6
32101,6
32101,6
32101,6
32101,6
32101,7
32101,7
32101,7
32101,7
32101,7
32101,7
32101,7
32101,7
32101,7
32101,7
32101,7
32101,7
32101,7
32101,7
32101,7
32102,1
32102,2
32102,2
32102,2
32102,3
32102,3
32102,3
32102,3
32102,4
32102,4
32102,6
32102,6
32102,6
32102,6
32102,8
32102,8
32102,8
32102,8
32102,9
32102,9
32102,9
32102,9
32102,9
32102,9
32102,9
32102,9
32111,2
32111,2
32111,2
32111,2
32111,2
32111,2
32111,3
32111,3
32111,3
32111,3
32111,4
32111,4
32111,4
32111,4
32111,6
32111,6
32111,6
32111,7
32111,7
32112,1
32112,1
32112,1
32112,1
32112,2
32112,2
32112,3
32112,3
32112,3
32112,3
32112,4
32112,4
32112,4
32112,4
32112,6
32112,6
32112,6
32112,6
32112,6
32112,6
32112,8
32112,8
32112,9
32112,9
32121,1
32121,1
32121,1
32121,1
32121,1
32121,1
32121,1
32121,1
32121,2
32121,2
32121,2
32121,2
32121,2
32121,2
32121,2
32121,2
32121,3
32121,3
32121,4
32121,4
32121,4
32121,4
32121,4
32121,4
32121,4
32121,4
32121,4
32121,4
32121,4
32121,4
32121,6
32121,6
32121,6
32121,6
32121,6
32121,6
32121,6
32121,6
32121,6
32121,6
32121,6
32121,6
32121,7
32121,7
32121,7
32121,7
32121,7
32121,7
32121,7
32121,7
32121,7
32121,7
32121,7
32121,7
32121,7
32121,7
32121,7
32131,1
32131,1
32131,1
32131,2
32131,2
32131,2
32131,2
32131,2
32131,2
32131,2
32131,2
32131,2
32131,2
32131,2
32131,2
32131,2
32131,2
32131,3
32131,3
32131,3
32131,3
32131,3
32131,3
32131,3
32131,3
32131,3
32131,3
32131,3
32131,4
32131,4
32131,6
32131,7
32131,7
32132,1
32132,1
32132,1
32132,1
32132,1
32132,1
32132,1
32132,1
32132,1
32132,2
32132,2
32132,2
32132,2
32132,2
32132,2
32132,2
32132,2
32132,2
32132,2
32132,2
32132,2
32132,2
32132,2
32132,3
32132,3
32132,3
32132,3
32132,3
32132,3
32132,3
32132,3
32132,3
32132,3
32132,3
32132,3
32132,3
32132,3
32132,3
32132,3
32132,3
32132,3
32132,4
32132,4
32132,4
32132,4
32132,4
32132,4
32132,4
32132,4
32132,4
32132,4
32132,4
32132,4
32132,5
32132,6
32132,6
32132,6
32132,6
32132,6
32132,6
32132,6
32132,6
32132,6
32132,6
32132,6
32132,6
32132,6
32132,6
32132,6
32132,6
33141,1
33141,1
33141,1
33141,1
33141,1
33141,1
33141,1
33141,1
33141,1
33141,1
33141,1
33141,1
33141,2
33141,2
33141,3
33141,3
33141,3
33141,3
33141,3
33141,3
33141,3
33141,4
33141,4
33141,4
33141,6
33141,6
33141,7
33141,7
33141,7
33141,7
33141,7
33141,7
33142,1
33142,1
33142,1
33142,1
33142,1
33142,1
33142,1
33142,1
33142,2
33142,2
33142,2
33142,2
33142,2
33142,2
33142,3
33142,3
33142,4
33142,4
33142,4
33142,4
33142,4
33142,4
33142,4
33142,4
33142,4
33142,4
33142,4
33142,4
33142,4
33142,4
33142,4
33142,4
33142,4
33142,4
33142,6
33142,6
33142,6
33142,6
33142,6
33142,6
33142,6
33142,6
33142,8
33142,8
33142,9
33142,9
33142,9
33142,9
33142,9
33142,9
33142,9
33142,9
33142,9
33142,9
33142,9
33142,9
33151,1
33151,1
33151,1
33151,2
33151,2
33151,3
33151,3
33151,4
33151,4
33151,4
33151,4
33151,4
33151,4
33151,6
33151,6
33151,6
33151,6
33151,7
33151,7
33151,7
33151,7
33151,8
33151,8
33151,8
33151,8
33151,8
33152,1
33152,1
33152,1
33152,1
33152,2
33152,3
33152,3
33152,4
33152,4
33152,5
33152,6
33152,6
33152,8
33152,9
33152,9
0,4
,
