strProductID,Prod_Name,Prod_Dose,mtd_lngMethodID,Prod_CYP,Prod_Is_Active,Prod_Ship_Qty_In,Prod_Ship_Qty_Whse,Prod_Ship_Qty_SDP,pr_sinVolumeIn,pr_sinVolumeWhse,pr_sinVolumeSDP,Pr_lngProductID,pr_sinCaseLength,pr_sinCaseWidth,pr_sinCaseHeight,pr_fIndicator,pr_lngCaseSize,Program_Name,DE_Order,pr_intUnitsPerDay,pr_fNonFullSupply
"01020","Nystatin suspension 100,000 iu/5ml",,0,0.0000000000000000e+00,1,10000,1000,100,1.00000000e+00,5.00000000e-01,2.50000000e-01,558,0.00000000e+00,0.00000000e+00,0.00000000e+00,1,0,"Antibiotics and antimicrobials",37,,0
"01029","Cotrimaxozole tablet 480mg",,0,0.0000000000000000e+00,1,10000,1000,100,1.00000000e+00,5.00000000e-01,2.50000000e-01,536,0.00000000e+00,0.00000000e+00,0.00000000e+00,1,0,"Antibiotics and antimicrobials",15,,0
"01032","Gentamycin injection 40mg/ml",,0,0.0000000000000000e+00,1,10000,1000,100,1.00000000e+00,5.00000000e-01,2.50000000e-01,547,0.00000000e+00,0.00000000e+00,0.00000000e+00,1,0,"Antibiotics and antimicrobials",26,,0
"01033","Pyrazinamide tablet 400mg",,0,0.0000000000000000e+00,1,10000,1000,100,1.00000000e+00,5.00000000e-01,2.50000000e-01,561,0.00000000e+00,0.00000000e+00,0.00000000e+00,1,0,"Antibiotics and antimicrobials",40,,0
"01060","Streptomycin sulphate injection 5gram",,0,0.0000000000000000e+00,1,10000,1000,100,1.00000000e+00,5.00000000e-01,2.50000000e-01,565,0.00000000e+00,0.00000000e+00,0.00000000e+00,1,0,"Antibiotics and antimicrobials",44,,0
"01089","Metronidazole tablet 200mg",,0,0.0000000000000000e+00,1,10000,1000,100,1.00000000e+00,5.00000000e-01,2.50000000e-01,555,0.00000000e+00,0.00000000e+00,0.00000000e+00,1,0,"Antibiotics and antimicrobials",34,,0
"01104","Proquanil hcl tablet 100mg",,0,0.0000000000000000e+00,1,10000,1000,100,1.00000000e+00,5.00000000e-01,2.50000000e-01,560,0.00000000e+00,0.00000000e+00,0.00000000e+00,1,0,"Antibiotics and antimicrobials",39,,0
"01140","Rifampicin + isoniazid tablet 100mg + 50mg",,0,0.0000000000000000e+00,1,10000,1000,100,1.00000000e+00,5.00000000e-01,2.50000000e-01,564,0.00000000e+00,0.00000000e+00,0.00000000e+00,1,0,"Antibiotics and antimicrobials",43,,0
"01155","Chloramphenicol tablet 250mg",,0,0.0000000000000000e+00,1,10000,1000,100,1.00000000e+00,5.00000000e-01,2.50000000e-01,535,0.00000000e+00,0.00000000e+00,0.00000000e+00,1,0,"Antibiotics and antimicrobials",14,,0
"01203","Cephalexin capsule 250mg",,0,0.0000000000000000e+00,1,10000,1000,100,1.00000000e+00,5.00000000e-01,2.50000000e-01,530,0.00000000e+00,0.00000000e+00,0.00000000e+00,1,0,"Antibiotics and antimicrobials",9,,0
"01208","Cetriaxone capsule 250mg",,0,0.0000000000000000e+00,1,10000,1000,100,1.00000000e+00,5.00000000e-01,2.50000000e-01,531,0.00000000e+00,0.00000000e+00,0.00000000e+00,1,0,"Antibiotics and antimicrobials",10,,0
"01211","Erythromycin tablet 250mg",,0,0.0000000000000000e+00,1,10000,1000,100,1.00000000e+00,5.00000000e-01,2.50000000e-01,540,0.00000000e+00,0.00000000e+00,0.00000000e+00,1,0,"Antibiotics and antimicrobials",19,,0
"01224","Amoxycillin capsule 250mg",,0,0.0000000000000000e+00,1,10000,1000,100,1.00000000e+00,5.00000000e-01,2.50000000e-01,523,0.00000000e+00,0.00000000e+00,0.00000000e+00,1,0,"Antibiotics and antimicrobials",2,,0
"01250","Cyprofloxacin tablet 250mg",,0,0.0000000000000000e+00,1,10000,1000,100,1.00000000e+00,5.00000000e-01,2.50000000e-01,537,0.00000000e+00,0.00000000e+00,0.00000000e+00,1,0,"Antibiotics and antimicrobials",16,,0
"01305","Flucloxacillin ellixir 125mg/5ml",,0,0.0000000000000000e+00,1,10000,1000,100,1.00000000e+00,5.00000000e-01,2.50000000e-01,543,0.00000000e+00,0.00000000e+00,0.00000000e+00,1,0,"Antibiotics and antimicrobials",22,,0
"01310","Benzyl penicillin injection 5MU",,0,0.0000000000000000e+00,1,10000,1000,100,1.00000000e+00,5.00000000e-01,2.50000000e-01,528,0.00000000e+00,0.00000000e+00,0.00000000e+00,1,0,"Antibiotics and antimicrobials",7,,0
"01328","Quinine dihydrochloride injection 300mg/ml",,0,0.0000000000000000e+00,1,10000,1000,100,1.00000000e+00,5.00000000e-01,2.50000000e-01,562,0.00000000e+00,0.00000000e+00,0.00000000e+00,1,0,"Antibiotics and antimicrobials",41,,0
"01346","Praziquantel tablet 600mg",,0,0.0000000000000000e+00,1,10000,1000,100,1.00000000e+00,5.00000000e-01,2.50000000e-01,559,0.00000000e+00,0.00000000e+00,0.00000000e+00,1,0,"Antibiotics and antimicrobials",38,,0
"01450","Ketokomazole suspension 100mg/5ml",,0,0.0000000000000000e+00,1,10000,1000,100,1.00000000e+00,5.00000000e-01,2.50000000e-01,552,0.00000000e+00,0.00000000e+00,0.00000000e+00,1,0,"Antibiotics and antimicrobials",31,,0
"01451","Benzyl penicillin injection 1MU",,0,0.0000000000000000e+00,1,10000,1000,100,1.00000000e+00,5.00000000e-01,2.50000000e-01,527,0.00000000e+00,0.00000000e+00,0.00000000e+00,1,0,"Antibiotics and antimicrobials",6,,0
"01454","Chloramphenicol injection 1gram",,0,0.0000000000000000e+00,1,10000,1000,100,1.00000000e+00,5.00000000e-01,2.50000000e-01,533,0.00000000e+00,0.00000000e+00,0.00000000e+00,1,0,"Antibiotics and antimicrobials",12,,0
"01465","Metronidazole injection 500mg/100ml",,0,0.0000000000000000e+00,1,10000,1000,100,1.00000000e+00,5.00000000e-01,2.50000000e-01,554,0.00000000e+00,0.00000000e+00,0.00000000e+00,1,0,"Antibiotics and antimicrobials",33,,0
"01544","Chloramphenicol suspension 125mg/5ml",,0,0.0000000000000000e+00,1,10000,1000,100,1.00000000e+00,5.00000000e-01,2.50000000e-01,534,0.00000000e+00,0.00000000e+00,0.00000000e+00,1,0,"Antibiotics and antimicrobials",13,,0
"01557","Ethambutol tablet 400mg",,0,0.0000000000000000e+00,1,10000,1000,100,1.00000000e+00,5.00000000e-01,2.50000000e-01,541,0.00000000e+00,0.00000000e+00,0.00000000e+00,1,0,"Antibiotics and antimicrobials",20,,0
"01561","Ampicillin injection 500mg/vial",,0,0.0000000000000000e+00,1,10000,1000,100,1.00000000e+00,5.00000000e-01,2.50000000e-01,525,0.00000000e+00,0.00000000e+00,0.00000000e+00,1,0,"Antibiotics and antimicrobials",4,,0
"01571","Benzathine penecillin injection 2.4MU",,0,0.0000000000000000e+00,1,10000,1000,100,1.00000000e+00,5.00000000e-01,2.50000000e-01,526,0.00000000e+00,0.00000000e+00,0.00000000e+00,1,0,"Antibiotics and antimicrobials",5,,0
"01605","Chloramphenicol capsule 250mg",,0,0.0000000000000000e+00,1,10000,1000,100,1.00000000e+00,5.00000000e-01,2.50000000e-01,532,0.00000000e+00,0.00000000e+00,0.00000000e+00,1,0,"Antibiotics and antimicrobials",11,,0
"01609","Doxycycline tablet 100mg",,0,0.0000000000000000e+00,1,10000,1000,100,1.00000000e+00,5.00000000e-01,2.50000000e-01,538,0.00000000e+00,0.00000000e+00,0.00000000e+00,1,0,"Antibiotics and antimicrobials",17,,0
"01619","Isoniazid + ethambutol tablet 150mg + 40mg",,0,0.0000000000000000e+00,1,10000,1000,100,1.00000000e+00,5.00000000e-01,2.50000000e-01,549,0.00000000e+00,0.00000000e+00,0.00000000e+00,1,0,"Antibiotics and antimicrobials",28,,0
"01641","Fluconazole capsule 250mg",,0,0.0000000000000000e+00,1,10000,1000,100,1.00000000e+00,5.00000000e-01,2.50000000e-01,544,0.00000000e+00,0.00000000e+00,0.00000000e+00,1,0,"Antibiotics and antimicrobials",23,,0
"01643","Griseofulvin tablet 250mg",,0,0.0000000000000000e+00,1,10000,1000,100,1.00000000e+00,5.00000000e-01,2.50000000e-01,548,0.00000000e+00,0.00000000e+00,0.00000000e+00,1,0,"Antibiotics and antimicrobials",27,,0
"01696","Albendazole tablet 200mg",,0,0.0000000000000000e+00,1,10000,1000,100,1.00000000e+00,5.00000000e-01,2.50000000e-01,522,0.00000000e+00,0.00000000e+00,0.00000000e+00,1,0,"Antibiotics and antimicrobials",1,,0
"01705","Nalidixic acid tablet 500mg",,0,0.0000000000000000e+00,1,10000,1000,100,1.00000000e+00,5.00000000e-01,2.50000000e-01,556,0.00000000e+00,0.00000000e+00,0.00000000e+00,1,0,"Antibiotics and antimicrobials",35,,0
"01710","Ketokomazole tablet 200mg",,0,0.0000000000000000e+00,1,10000,1000,100,1.00000000e+00,5.00000000e-01,2.50000000e-01,553,0.00000000e+00,0.00000000e+00,0.00000000e+00,1,0,"Antibiotics and antimicrobials",32,,0
"01712","Isoniazid tablet 100mg",,0,0.0000000000000000e+00,1,10000,1000,100,1.00000000e+00,5.00000000e-01,2.50000000e-01,550,0.00000000e+00,0.00000000e+00,0.00000000e+00,1,0,"Antibiotics and antimicrobials",29,,0
"01726","Amoxycillin, elixir 125mg/5ml",,0,0.0000000000000000e+00,1,10000,1000,100,1.00000000e+00,5.00000000e-01,2.50000000e-01,524,0.00000000e+00,0.00000000e+00,0.00000000e+00,1,0,"Antibiotics and antimicrobials",3,,0
"01729","Cefotaxime injection 1gram",,0,0.0000000000000000e+00,1,10000,1000,100,1.00000000e+00,5.00000000e-01,2.50000000e-01,529,0.00000000e+00,0.00000000e+00,0.00000000e+00,1,0,"Antibiotics and antimicrobials",8,,0
"01834","Flucloxacillin capsule 250mg",,0,0.0000000000000000e+00,1,10000,1000,100,1.00000000e+00,5.00000000e-01,2.50000000e-01,542,0.00000000e+00,0.00000000e+00,0.00000000e+00,1,0,"Antibiotics and antimicrobials",21,,0
"01860","Fluconazole injection 2mg/ml",,0,0.0000000000000000e+00,1,10000,1000,100,1.00000000e+00,5.00000000e-01,2.50000000e-01,545,0.00000000e+00,0.00000000e+00,0.00000000e+00,1,0,"Antibiotics and antimicrobials",24,,0
"01899","Ivermectum tablet 6mg",,0,0.0000000000000000e+00,1,10000,1000,100,1.00000000e+00,5.00000000e-01,2.50000000e-01,551,0.00000000e+00,0.00000000e+00,0.00000000e+00,1,0,"Antibiotics and antimicrobials",30,,0
"01927","Sulfadoxine + pyrimethamine tablet 500mg + 25mg",,0,0.0000000000000000e+00,1,10000,1000,100,1.00000000e+00,5.00000000e-01,2.50000000e-01,566,0.00000000e+00,0.00000000e+00,0.00000000e+00,1,0,"Antibiotics and antimicrobials",45,,0
"01943","Nystatin pessary 100,000 iu",,0,0.0000000000000000e+00,1,10000,1000,100,1.00000000e+00,5.00000000e-01,2.50000000e-01,557,0.00000000e+00,0.00000000e+00,0.00000000e+00,1,0,"Antibiotics and antimicrobials",36,,0
"01954","Erythromycin suspension 125mg/5ml",,0,0.0000000000000000e+00,1,10000,1000,100,1.00000000e+00,5.00000000e-01,2.50000000e-01,539,0.00000000e+00,0.00000000e+00,0.00000000e+00,1,0,"Antibiotics and antimicrobials",18,,0
"02007","Stavudine (d4t) suspension 1mg/ml",,0,0.0000000000000000e+00,1,10000,1000,100,1.00000000e+00,5.00000000e-01,2.50000000e-01,575,0.00000000e+00,0.00000000e+00,0.00000000e+00,1,0,"Antiretrovirals",54,,0
"02047","Saquinavir (SQV) capsule 200mg",,0,0.0000000000000000e+00,1,10000,1000,100,1.00000000e+00,5.00000000e-01,2.50000000e-01,573,0.00000000e+00,0.00000000e+00,0.00000000e+00,1,0,"Antiretrovirals",52,,0
"02080","Stavudine (d4t) capsule 30mg",,0,0.0000000000000000e+00,1,10000,1000,100,1.00000000e+00,5.00000000e-01,2.50000000e-01,574,0.00000000e+00,0.00000000e+00,0.00000000e+00,1,0,"Antiretrovirals",53,,0
"02082","Nevirapine (NVP) suspension 50mg/ml, 240ml",,0,0.0000000000000000e+00,1,10000,1000,100,1.00000000e+00,5.00000000e-01,2.50000000e-01,571,0.00000000e+00,0.00000000e+00,0.00000000e+00,1,0,"Antiretrovirals",50,,0
"02139","Zidvudine (ZDV) also known as azidothymidine (AZT) capsule 100mg",,0,0.0000000000000000e+00,1,10000,1000,100,1.00000000e+00,5.00000000e-01,2.50000000e-01,576,0.00000000e+00,0.00000000e+00,0.00000000e+00,1,0,"Antiretrovirals",55,,0
"02265","Lamivudine (3TC) tablet 150mg",,0,0.0000000000000000e+00,1,10000,1000,100,1.00000000e+00,5.00000000e-01,2.50000000e-01,569,0.00000000e+00,0.00000000e+00,0.00000000e+00,1,0,"Antiretrovirals",48,,0
"02277","Zidvudine (ZDV) also known as azidothymidine (AZT) tablet 300mg",,0,0.0000000000000000e+00,1,10000,1000,100,1.00000000e+00,5.00000000e-01,2.50000000e-01,578,0.00000000e+00,0.00000000e+00,0.00000000e+00,1,0,"Antiretrovirals",57,,0
"02286","Efavirenz (EFV) tablet 200mg",,0,0.0000000000000000e+00,1,10000,1000,100,1.00000000e+00,5.00000000e-01,2.50000000e-01,567,0.00000000e+00,0.00000000e+00,0.00000000e+00,1,0,"Antiretrovirals",46,,0
"02405","Nelfinavir (NFV) as mesilate tablet 250mg",,0,0.0000000000000000e+00,1,10000,1000,100,1.00000000e+00,5.00000000e-01,2.50000000e-01,570,0.00000000e+00,0.00000000e+00,0.00000000e+00,1,0,"Antiretrovirals",49,,0
"02783","Zidvudine (ZDV) also known as azidothymidine (AZT) suspension 10mg/ml",,0,0.0000000000000000e+00,1,10000,1000,100,1.00000000e+00,5.00000000e-01,2.50000000e-01,577,0.00000000e+00,0.00000000e+00,0.00000000e+00,1,0,"Antiretrovirals",56,,0
"02814","Lamivudine (3TC) suspension 5mg/ml",,0,0.0000000000000000e+00,1,10000,1000,100,1.00000000e+00,5.00000000e-01,2.50000000e-01,568,0.00000000e+00,0.00000000e+00,0.00000000e+00,1,0,"Antiretrovirals",47,,0
"02959","Nevirapine (NVP) tablet 200mg",,0,0.0000000000000000e+00,1,10000,1000,100,1.00000000e+00,5.00000000e-01,2.50000000e-01,572,0.00000000e+00,0.00000000e+00,0.00000000e+00,1,0,"Antiretrovirals",51,,0
"03174","Norplant ",,0,0.0000000000000000e+00,1,10000,1000,100,1.00000000e+00,5.00000000e-01,2.50000000e-01,583,0.00000000e+00,0.00000000e+00,0.00000000e+00,1,0,"Contraceptives",62,,0
"03345","Progestogen tablet calendar pack",,0,0.0000000000000000e+00,1,10000,1000,100,1.00000000e+00,5.00000000e-01,2.50000000e-01,585,0.00000000e+00,0.00000000e+00,0.00000000e+00,1,0,"Contraceptives",64,,0
"03351","Intrauterine contraceptive device ",,0,0.0000000000000000e+00,1,10000,1000,100,1.00000000e+00,5.00000000e-01,2.50000000e-01,580,0.00000000e+00,0.00000000e+00,0.00000000e+00,1,0,"Contraceptives",59,,0
"03710","Norethisterone tablet 5mg",,0,0.0000000000000000e+00,1,10000,1000,100,1.00000000e+00,5.00000000e-01,2.50000000e-01,582,0.00000000e+00,0.00000000e+00,0.00000000e+00,1,0,"Contraceptives",61,,0
"03790","Oral contraceptive, combined low-estrogen tablet calendar pack",,0,0.0000000000000000e+00,1,10000,1000,100,1.00000000e+00,5.00000000e-01,2.50000000e-01,584,0.00000000e+00,0.00000000e+00,0.00000000e+00,1,0,"Contraceptives",63,,0
"03837","Condoms each ",,0,0.0000000000000000e+00,1,10000,1000,100,1.00000000e+00,5.00000000e-01,2.50000000e-01,579,0.00000000e+00,0.00000000e+00,0.00000000e+00,1,0,"Contraceptives",58,,0
"03975","Medroxyprogestogen acetate injection aq 150mg/ml",,0,0.0000000000000000e+00,1,10000,1000,100,1.00000000e+00,5.00000000e-01,2.50000000e-01,581,0.00000000e+00,0.00000000e+00,0.00000000e+00,1,0,"Contraceptives",60,,0
"04049","Paraffin each ",,0,0.0000000000000000e+00,1,10000,1000,100,1.00000000e+00,5.00000000e-01,2.50000000e-01,595,0.00000000e+00,0.00000000e+00,0.00000000e+00,1,0,"Cholera Epidemic Preparedness",74,,0
"04111","Gum boots pair ",,0,0.0000000000000000e+00,1,10000,1000,100,1.00000000e+00,5.00000000e-01,2.50000000e-01,590,0.00000000e+00,0.00000000e+00,0.00000000e+00,1,0,"Cholera Epidemic Preparedness",69,,0
"04161","Torch each ",,0,0.0000000000000000e+00,1,10000,1000,100,1.00000000e+00,5.00000000e-01,2.50000000e-01,602,0.00000000e+00,0.00000000e+00,0.00000000e+00,1,0,"Cholera Epidemic Preparedness",81,,0
"04218","Heavy duty gloves pair ",,0,0.0000000000000000e+00,1,10000,1000,100,1.00000000e+00,5.00000000e-01,2.50000000e-01,591,0.00000000e+00,0.00000000e+00,0.00000000e+00,1,0,"Cholera Epidemic Preparedness",70,,0
"04363","Tents each ",,0,0.0000000000000000e+00,1,10000,1000,100,1.00000000e+00,5.00000000e-01,2.50000000e-01,601,0.00000000e+00,0.00000000e+00,0.00000000e+00,1,0,"Cholera Epidemic Preparedness",80,,0
"04399","Hth ",,0,0.0000000000000000e+00,1,10000,1000,100,1.00000000e+00,5.00000000e-01,2.50000000e-01,593,0.00000000e+00,0.00000000e+00,0.00000000e+00,1,0,"Cholera Epidemic Preparedness",72,,0
"04423","Black plastic sheets ",,0,0.0000000000000000e+00,1,10000,1000,100,1.00000000e+00,5.00000000e-01,2.50000000e-01,588,0.00000000e+00,0.00000000e+00,0.00000000e+00,1,0,"Cholera Epidemic Preparedness",67,,0
"04459","Spoon, table each",,0,0.0000000000000000e+00,1,10000,1000,100,1.00000000e+00,5.00000000e-01,2.50000000e-01,599,0.00000000e+00,0.00000000e+00,0.00000000e+00,1,0,"Cholera Epidemic Preparedness",78,,0
"04482","Cholera bed each ",,0,0.0000000000000000e+00,1,10000,1000,100,1.00000000e+00,5.00000000e-01,2.50000000e-01,589,0.00000000e+00,0.00000000e+00,0.00000000e+00,1,0,"Cholera Epidemic Preparedness",68,,0
"04515","Plastic apron each ",,0,0.0000000000000000e+00,1,10000,1000,100,1.00000000e+00,5.00000000e-01,2.50000000e-01,596,0.00000000e+00,0.00000000e+00,0.00000000e+00,1,0,"Cholera Epidemic Preparedness",75,,0
"04581","Plastic bucket each ",,0,0.0000000000000000e+00,1,10000,1000,100,1.00000000e+00,5.00000000e-01,2.50000000e-01,597,0.00000000e+00,0.00000000e+00,0.00000000e+00,1,0,"Cholera Epidemic Preparedness",76,,0
"04722","Plastic cup each ",,0,0.0000000000000000e+00,1,10000,1000,100,1.00000000e+00,5.00000000e-01,2.50000000e-01,598,0.00000000e+00,0.00000000e+00,0.00000000e+00,1,0,"Cholera Epidemic Preparedness",77,,0
"04745","Hoes meter ",,0,0.0000000000000000e+00,1,10000,1000,100,1.00000000e+00,5.00000000e-01,2.50000000e-01,592,0.00000000e+00,0.00000000e+00,0.00000000e+00,1,0,"Cholera Epidemic Preparedness",71,,0
"04787","Black disinfectant ",,0,0.0000000000000000e+00,1,10000,1000,100,1.00000000e+00,5.00000000e-01,2.50000000e-01,587,0.00000000e+00,0.00000000e+00,0.00000000e+00,1,0,"Cholera Epidemic Preparedness",66,,0
"04802","Hurricane lamp each ",,0,0.0000000000000000e+00,1,10000,1000,100,1.00000000e+00,5.00000000e-01,2.50000000e-01,594,0.00000000e+00,0.00000000e+00,0.00000000e+00,1,0,"Cholera Epidemic Preparedness",73,,0
"04907","Battery each ",,0,0.0000000000000000e+00,1,10000,1000,100,1.00000000e+00,5.00000000e-01,2.50000000e-01,586,0.00000000e+00,0.00000000e+00,0.00000000e+00,1,0,"Cholera Epidemic Preparedness",65,,0
"04952","Spoon, tea each",,0,0.0000000000000000e+00,1,10000,1000,100,1.00000000e+00,5.00000000e-01,2.50000000e-01,600,0.00000000e+00,0.00000000e+00,0.00000000e+00,1,0,"Cholera Epidemic Preparedness",79,,0
"04953","Water dispenser with tap large ",,0,0.0000000000000000e+00,1,10000,1000,100,1.00000000e+00,5.00000000e-01,2.50000000e-01,603,0.00000000e+00,0.00000000e+00,0.00000000e+00,1,0,"Cholera Epidemic Preparedness",82,,0
"05680","Carrier bag each ",,0,0.0000000000000000e+00,1,10000,1000,100,1.00000000e+00,5.00000000e-01,2.50000000e-01,604,0.00000000e+00,0.00000000e+00,0.00000000e+00,1,0,"Home Based Care",83,,0
"05921","Plastic sheets each ",,0,0.0000000000000000e+00,1,10000,1000,100,1.00000000e+00,5.00000000e-01,2.50000000e-01,605,0.00000000e+00,0.00000000e+00,0.00000000e+00,1,0,"Home Based Care",84,,0
"06888","Insecticide, pyrethroid tablet",,0,0.0000000000000000e+00,1,10000,1000,100,1.00000000e+00,5.00000000e-01,2.50000000e-01,606,0.00000000e+00,0.00000000e+00,0.00000000e+00,1,0,"Malaria Control",85,,0
"07000","Sugar ",,0,0.0000000000000000e+00,1,10000,1000,100,1.00000000e+00,5.00000000e-01,2.50000000e-01,613,0.00000000e+00,0.00000000e+00,0.00000000e+00,1,0,"Nutritional Rehabilitation",92,,0
"07609","F75 (nutrition formulation) ",,0,0.0000000000000000e+00,1,10000,1000,100,1.00000000e+00,5.00000000e-01,2.50000000e-01,609,0.00000000e+00,0.00000000e+00,0.00000000e+00,1,0,"Nutritional Rehabilitation",88,,0
"07713","Cooking oil ",,0,0.0000000000000000e+00,1,10000,1000,100,1.00000000e+00,5.00000000e-01,2.50000000e-01,607,0.00000000e+00,0.00000000e+00,0.00000000e+00,1,0,"Nutritional Rehabilitation",86,,0
"07828","F100 ",,0,0.0000000000000000e+00,1,10000,1000,100,1.00000000e+00,5.00000000e-01,2.50000000e-01,608,0.00000000e+00,0.00000000e+00,0.00000000e+00,1,0,"Nutritional Rehabilitation",87,,0
"07834","Likuni phala ",,0,0.0000000000000000e+00,1,10000,1000,100,1.00000000e+00,5.00000000e-01,2.50000000e-01,610,0.00000000e+00,0.00000000e+00,0.00000000e+00,1,0,"Nutritional Rehabilitation",89,,0
"07845","Milk powder ",,0,0.0000000000000000e+00,1,10000,1000,100,1.00000000e+00,5.00000000e-01,2.50000000e-01,611,0.00000000e+00,0.00000000e+00,0.00000000e+00,1,0,"Nutritional Rehabilitation",90,,0
"07974","Salt ",,0,0.0000000000000000e+00,1,10000,1000,100,1.00000000e+00,5.00000000e-01,2.50000000e-01,612,0.00000000e+00,0.00000000e+00,0.00000000e+00,1,0,"Nutritional Rehabilitation",91,,0
"08196","Tetracycline HCL eye ointment 1%, 3.5g ",,0,0.0000000000000000e+00,1,10000,1000,100,1.00000000e+00,5.00000000e-01,2.50000000e-01,618,0.00000000e+00,0.00000000e+00,0.00000000e+00,1,0,"Ophthalmological Preparations",97,,0
"08245","Atropine sulphate eye ointment 1%, 3.4g",,0,0.0000000000000000e+00,1,10000,1000,100,1.00000000e+00,5.00000000e-01,2.50000000e-01,614,0.00000000e+00,0.00000000e+00,0.00000000e+00,1,0,"Ophthalmological Preparations",93,,0
"08258","Gentamycin eye drops ",,0,0.0000000000000000e+00,1,10000,1000,100,1.00000000e+00,5.00000000e-01,2.50000000e-01,616,0.00000000e+00,0.00000000e+00,0.00000000e+00,1,0,"Ophthalmological Preparations",95,,0
"08412","Chloramphenicol eye ointment 1%, 3.5g ",,0,0.0000000000000000e+00,1,10000,1000,100,1.00000000e+00,5.00000000e-01,2.50000000e-01,615,0.00000000e+00,0.00000000e+00,0.00000000e+00,1,0,"Ophthalmological Preparations",94,,0
"08428","Silver nitrate eye drops ",,0,0.0000000000000000e+00,1,10000,1000,100,1.00000000e+00,5.00000000e-01,2.50000000e-01,617,0.00000000e+00,0.00000000e+00,0.00000000e+00,1,0,"Ophthalmological Preparations",96,,0
"09263","Ergometrine maleate + oxytocin (syntometrine) injection 500 µg/ml",,0,0.0000000000000000e+00,1,10000,1000,100,1.00000000e+00,5.00000000e-01,2.50000000e-01,619,0.00000000e+00,0.00000000e+00,0.00000000e+00,1,0,"Medicines Used in Labor (Obstetrics)",98,,0
"09430","Magnesium sulphate injection 500mg/ml",,0,0.0000000000000000e+00,1,10000,1000,100,1.00000000e+00,5.00000000e-01,2.50000000e-01,621,0.00000000e+00,0.00000000e+00,0.00000000e+00,1,0,"Medicines Used in Labor (Obstetrics)",100,,0
"09454","Oxytocin injection 10IU/ml, 1ml",,0,0.0000000000000000e+00,1,10000,1000,100,1.00000000e+00,5.00000000e-01,2.50000000e-01,622,0.00000000e+00,0.00000000e+00,0.00000000e+00,1,0,"Medicines Used in Labor (Obstetrics)",101,,0
"09984","Hydralazine HCL injection 20mg/2ml",,0,0.0000000000000000e+00,1,10000,1000,100,1.00000000e+00,5.00000000e-01,2.50000000e-01,620,0.00000000e+00,0.00000000e+00,0.00000000e+00,1,0,"Medicines Used in Labor (Obstetrics)",99,,0
"10297","Halothane inhalation 500ml",,0,0.0000000000000000e+00,1,500,100,20,1.00000000e+00,5.00000000e-01,2.50000000e-01,624,0.00000000e+00,0.00000000e+00,0.00000000e+00,1,0,"Medicines Used in Anesthesia",103,,0
"10323","Lignocaine HCL injection 1%, 25ml vial",,0,0.0000000000000000e+00,1,500,100,20,1.00000000e+00,5.00000000e-01,2.50000000e-01,627,0.00000000e+00,0.00000000e+00,0.00000000e+00,1,0,"Medicines Used in Anesthesia",106,,0
"10350","Lignocaine HCL + glucose (heavy spinal) injection 5%+7.5%",,0,0.0000000000000000e+00,1,500,100,20,1.00000000e+00,5.00000000e-01,2.50000000e-01,626,0.00000000e+00,0.00000000e+00,0.00000000e+00,1,0,"Medicines Used in Anesthesia",105,,0
"10418","Suxamethonium chloride injection 50mg/ml, 2ml",,0,0.0000000000000000e+00,1,500,100,20,1.00000000e+00,5.00000000e-01,2.50000000e-01,629,0.00000000e+00,0.00000000e+00,0.00000000e+00,1,0,"Medicines Used in Anesthesia",108,,0
"10556","Ether, anaesthetic, inhalation ",,0,0.0000000000000000e+00,1,500,100,20,1.00000000e+00,5.00000000e-01,2.50000000e-01,623,0.00000000e+00,0.00000000e+00,0.00000000e+00,1,0,"Medicines Used in Anesthesia",102,,0
"10601","Thiopentone sodium injection 0.5gm vial",,0,0.0000000000000000e+00,1,500,100,20,1.00000000e+00,5.00000000e-01,2.50000000e-01,630,0.00000000e+00,0.00000000e+00,0.00000000e+00,1,0,"Medicines Used in Anesthesia",109,,0
"10748","Nitrous oxide, medical gas",,0,0.0000000000000000e+00,1,500,100,20,1.00000000e+00,5.00000000e-01,2.50000000e-01,628,0.00000000e+00,0.00000000e+00,0.00000000e+00,1,0,"Medicines Used in Anesthesia",107,,0
"10832","Ketamine HCL injection 50mg/ml, 10ml",,0,0.0000000000000000e+00,1,500,100,20,1.00000000e+00,5.00000000e-01,2.50000000e-01,625,0.00000000e+00,0.00000000e+00,0.00000000e+00,1,0,"Medicines Used in Anesthesia",104,,0
"11017","Paracetamol tablet 500mg",,0,0.0000000000000000e+00,1,500,100,20,1.00000000e+00,5.00000000e-01,2.50000000e-01,637,0.00000000e+00,0.00000000e+00,0.00000000e+00,1,0,"Analgesics, Antipyretics and Narcotics",116,,0
"11278","Indomethacin tablet 25mg",,0,0.0000000000000000e+00,1,500,100,20,1.00000000e+00,5.00000000e-01,2.50000000e-01,633,0.00000000e+00,0.00000000e+00,0.00000000e+00,1,0,"Analgesics, Antipyretics and Narcotics",112,,0
"11376","Morphine sulfate suspension 10mg/5ml",,0,0.0000000000000000e+00,1,500,100,20,1.00000000e+00,5.00000000e-01,2.50000000e-01,634,0.00000000e+00,0.00000000e+00,0.00000000e+00,1,0,"Analgesics, Antipyretics and Narcotics",113,,0
"11419","Paracetamol suspension 120mg/5ml",,0,0.0000000000000000e+00,1,500,100,20,1.00000000e+00,5.00000000e-01,2.50000000e-01,636,0.00000000e+00,0.00000000e+00,0.00000000e+00,1,0,"Analgesics, Antipyretics and Narcotics",115,,0
"11427","Aspirin tablet 300mg",,0,0.0000000000000000e+00,1,500,100,20,1.00000000e+00,5.00000000e-01,2.50000000e-01,631,0.00000000e+00,0.00000000e+00,0.00000000e+00,1,0,"Analgesics, Antipyretics and Narcotics",110,,0
"11866","Morphine sulfate slow-release tablet 10mg",,0,0.0000000000000000e+00,1,500,100,20,1.00000000e+00,5.00000000e-01,2.50000000e-01,635,0.00000000e+00,0.00000000e+00,0.00000000e+00,1,0,"Analgesics, Antipyretics and Narcotics",114,,0
"11950","Ibuprofen tablet 200mg",,0,0.0000000000000000e+00,1,500,100,20,1.00000000e+00,5.00000000e-01,2.50000000e-01,632,0.00000000e+00,0.00000000e+00,0.00000000e+00,1,0,"Analgesics, Antipyretics and Narcotics",111,,0
"11954","Pethidine HCL injection 50mg/ml, 2ml",,0,0.0000000000000000e+00,1,500,100,20,1.00000000e+00,5.00000000e-01,2.50000000e-01,638,0.00000000e+00,0.00000000e+00,0.00000000e+00,1,0,"Analgesics, Antipyretics and Narcotics",117,,0
"12205","Vitamin K [phytomenadione] injection 1mg/0.5ml",,0,0.0000000000000000e+00,1,500,100,20,1.00000000e+00,5.00000000e-01,2.50000000e-01,642,0.00000000e+00,0.00000000e+00,0.00000000e+00,1,0,"Medicines Affecting the Blood",121,,0
"12302","Folic acid tablet 5mg",,0,0.0000000000000000e+00,1,500,100,20,1.00000000e+00,5.00000000e-01,2.50000000e-01,641,0.00000000e+00,0.00000000e+00,0.00000000e+00,1,0,"Medicines Affecting the Blood",120,,0
"12671","Ferrous sulphate pediatric elixir 60mg/5ml",,0,0.0000000000000000e+00,1,500,100,20,1.00000000e+00,5.00000000e-01,2.50000000e-01,640,0.00000000e+00,0.00000000e+00,0.00000000e+00,1,0,"Medicines Affecting the Blood",119,,0
"12814","Ferrous sulphate + folic acid tablet 200mg+0.5mg",,0,0.0000000000000000e+00,1,500,100,20,1.00000000e+00,5.00000000e-01,2.50000000e-01,639,0.00000000e+00,0.00000000e+00,0.00000000e+00,1,0,"Medicines Affecting the Blood",118,,0
"13055","Phenytoin sodium tablet 100mg",,0,0.0000000000000000e+00,1,500,100,20,1.00000000e+00,5.00000000e-01,2.50000000e-01,651,0.00000000e+00,0.00000000e+00,0.00000000e+00,1,0,"Medicines Acting on Central Nervous System",130,,0
"13125","Diazepam tablet 5mg",,0,0.0000000000000000e+00,1,500,100,20,1.00000000e+00,5.00000000e-01,2.50000000e-01,647,0.00000000e+00,0.00000000e+00,0.00000000e+00,1,0,"Medicines Acting on Central Nervous System",126,,0
"13220","Chlorpromazine tablet 25mg",,0,0.0000000000000000e+00,1,500,100,20,1.00000000e+00,5.00000000e-01,2.50000000e-01,645,0.00000000e+00,0.00000000e+00,0.00000000e+00,1,0,"Medicines Acting on Central Nervous System",124,,0
"13410","Phenobarbitone sodium tablet 30mg",,0,0.0000000000000000e+00,1,500,100,20,1.00000000e+00,5.00000000e-01,2.50000000e-01,650,0.00000000e+00,0.00000000e+00,0.00000000e+00,1,0,"Medicines Acting on Central Nervous System",129,,0
"13445","Diazepam injection 5mg/ml, 2ml",,0,0.0000000000000000e+00,1,500,100,20,1.00000000e+00,5.00000000e-01,2.50000000e-01,646,0.00000000e+00,0.00000000e+00,0.00000000e+00,1,0,"Medicines Acting on Central Nervous System",125,,0
"13666","Carbamazepine tablet 200mg",,0,0.0000000000000000e+00,1,500,100,20,1.00000000e+00,5.00000000e-01,2.50000000e-01,643,0.00000000e+00,0.00000000e+00,0.00000000e+00,1,0,"Medicines Acting on Central Nervous System",122,,0
"13793","Paraldehyde injection 10ml",,0,0.0000000000000000e+00,1,500,100,20,1.00000000e+00,5.00000000e-01,2.50000000e-01,648,0.00000000e+00,0.00000000e+00,0.00000000e+00,1,0,"Medicines Acting on Central Nervous System",127,,0
"13815","Chlorpromazine injection 25mg/ml",,0,0.0000000000000000e+00,1,500,100,20,1.00000000e+00,5.00000000e-01,2.50000000e-01,644,0.00000000e+00,0.00000000e+00,0.00000000e+00,1,0,"Medicines Acting on Central Nervous System",123,,0
"13968","Phenobarbitone sodium injection 200mg/ml",,0,0.0000000000000000e+00,1,500,100,20,1.00000000e+00,5.00000000e-01,2.50000000e-01,649,0.00000000e+00,0.00000000e+00,0.00000000e+00,1,0,"Medicines Acting on Central Nervous System",128,,0
"14007","Activated charcoal powder ",,0,0.0000000000000000e+00,1,500,100,20,1.00000000e+00,5.00000000e-01,2.50000000e-01,652,0.00000000e+00,0.00000000e+00,0.00000000e+00,1,0,"Medicines used as Antidotes, Antiallergics and in ",131,,0
"14147","Promethazine suspension ",,0,0.0000000000000000e+00,1,500,100,20,1.00000000e+00,5.00000000e-01,2.50000000e-01,658,0.00000000e+00,0.00000000e+00,0.00000000e+00,1,0,"Medicines used as Antidotes, Antiallergics and in ",137,,0
"14181","Atropine sulphate injection 600 µg/ml, 1ml",,0,0.0000000000000000e+00,1,500,100,20,1.00000000e+00,5.00000000e-01,2.50000000e-01,654,0.00000000e+00,0.00000000e+00,0.00000000e+00,1,0,"Medicines used as Antidotes, Antiallergics and in ",133,,0
"14338","Chlorpheniramine maleate tablet 4mg",,0,0.0000000000000000e+00,1,500,100,20,1.00000000e+00,5.00000000e-01,2.50000000e-01,656,0.00000000e+00,0.00000000e+00,0.00000000e+00,1,0,"Medicines used as Antidotes, Antiallergics and in ",135,,0
"14375","Adrenaline injection 1 000 iml amp",,0,0.0000000000000000e+00,1,500,100,20,1.00000000e+00,5.00000000e-01,2.50000000e-01,653,0.00000000e+00,0.00000000e+00,0.00000000e+00,1,0,"Medicines used as Antidotes, Antiallergics and in ",132,,0
"14618","Chlorpheniramine maleate suspension 2mg/5ml",,0,0.0000000000000000e+00,1,500,100,20,1.00000000e+00,5.00000000e-01,2.50000000e-01,655,0.00000000e+00,0.00000000e+00,0.00000000e+00,1,0,"Medicines used as Antidotes, Antiallergics and in ",134,,0
"14880","Promethazine injection ",,0,0.0000000000000000e+00,1,500,100,20,1.00000000e+00,5.00000000e-01,2.50000000e-01,657,0.00000000e+00,0.00000000e+00,0.00000000e+00,1,0,"Medicines used as Antidotes, Antiallergics and in ",136,,0
"14897","Promethazine tablet ",,0,0.0000000000000000e+00,1,500,100,20,1.00000000e+00,5.00000000e-01,2.50000000e-01,659,0.00000000e+00,0.00000000e+00,0.00000000e+00,1,0,"Medicines used as Antidotes, Antiallergics and in ",138,,0
"15044","Whitfield ointment ",,0,0.0000000000000000e+00,1,500,100,20,1.00000000e+00,5.00000000e-01,2.50000000e-01,668,0.00000000e+00,0.00000000e+00,0.00000000e+00,1,0,"Dermatological Preparations",147,,0
"15064","Calamine lotion, aqueous lotion ",,0,0.0000000000000000e+00,1,500,100,20,1.00000000e+00,5.00000000e-01,2.50000000e-01,662,0.00000000e+00,0.00000000e+00,0.00000000e+00,1,0,"Dermatological Preparations",141,,0
"15218","Podophyllin paint compound, benzoin tincture 0.1 20ml",,0,0.0000000000000000e+00,1,500,100,20,1.00000000e+00,5.00000000e-01,2.50000000e-01,664,0.00000000e+00,0.00000000e+00,0.00000000e+00,1,0,"Dermatological Preparations",143,,0
"15260","Gentian violet aqueous 1% paint",,0,0.0000000000000000e+00,1,500,100,20,1.00000000e+00,5.00000000e-01,2.50000000e-01,663,0.00000000e+00,0.00000000e+00,0.00000000e+00,1,0,"Dermatological Preparations",142,,0
"15471","Povidone Iodine solution 0.1",,0,0.0000000000000000e+00,1,500,100,20,1.00000000e+00,5.00000000e-01,2.50000000e-01,665,0.00000000e+00,0.00000000e+00,0.00000000e+00,1,0,"Dermatological Preparations",144,,0
"15524","Benzyl benzoate paint ",,0,0.0000000000000000e+00,1,500,100,20,1.00000000e+00,5.00000000e-01,2.50000000e-01,660,0.00000000e+00,0.00000000e+00,0.00000000e+00,1,0,"Dermatological Preparations",139,,0
"15883","Silver sulfadiazine topical ",,0,0.0000000000000000e+00,1,500,100,20,1.00000000e+00,5.00000000e-01,2.50000000e-01,667,0.00000000e+00,0.00000000e+00,0.00000000e+00,1,0,"Dermatological Preparations",146,,0
"15967","Silver nitrate, ointment, 15%, 500g ",,0,0.0000000000000000e+00,1,500,100,20,1.00000000e+00,5.00000000e-01,2.50000000e-01,666,0.00000000e+00,0.00000000e+00,0.00000000e+00,1,0,"Dermatological Preparations",145,,0
"15994","Calamine lotion + sulphur 2% lotion ",,0,0.0000000000000000e+00,1,500,100,20,1.00000000e+00,5.00000000e-01,2.50000000e-01,661,0.00000000e+00,0.00000000e+00,0.00000000e+00,1,0,"Dermatological Preparations",140,,0
"16317","Dexamethasone injection 5 mg/ml, 5 ml",,0,0.0000000000000000e+00,1,500,100,20,1.00000000e+00,5.00000000e-01,2.50000000e-01,669,0.00000000e+00,0.00000000e+00,0.00000000e+00,1,0,"Hormones and Endocrine Medicines",148,,0
"16567","Prednisolone tablet 5 mg",,0,0.0000000000000000e+00,1,500,100,20,1.00000000e+00,5.00000000e-01,2.50000000e-01,671,0.00000000e+00,0.00000000e+00,0.00000000e+00,1,0,"Hormones and Endocrine Medicines",150,,0
"16826","Hydrocortisone injection 50 mg/ml, 2ml",,0,0.0000000000000000e+00,1,500,100,20,1.00000000e+00,5.00000000e-01,2.50000000e-01,670,0.00000000e+00,0.00000000e+00,0.00000000e+00,1,0,"Hormones and Endocrine Medicines",149,,0
"17099","Antitetanus serum injection ",,0,0.0000000000000000e+00,1,500,100,20,1.00000000e+00,5.00000000e-01,2.50000000e-01,672,0.00000000e+00,0.00000000e+00,0.00000000e+00,1,0,"Vaccines and Sera",151,,0
"17137","Poliomyelitis vaccine, live oral susp. 20 dose dispenser",,0,0.0000000000000000e+00,1,500,100,20,1.00000000e+00,5.00000000e-01,2.50000000e-01,676,0.00000000e+00,0.00000000e+00,0.00000000e+00,1,0,"Vaccines and Sera",155,,0
"17463","Tetanus vaccine (adsorbed) injection 10ml vial",,0,0.0000000000000000e+00,1,500,100,20,1.00000000e+00,5.00000000e-01,2.50000000e-01,678,0.00000000e+00,0.00000000e+00,0.00000000e+00,1,0,"Vaccines and Sera",157,,0
"17473","Measles vaccine, live injection 10 dose (5ml)",,0,0.0000000000000000e+00,1,500,100,20,1.00000000e+00,5.00000000e-01,2.50000000e-01,674,0.00000000e+00,0.00000000e+00,0.00000000e+00,1,0,"Vaccines and Sera",153,,0
"17544","Rabies vaccine injection 1 dose (0.5ml) vial",,0,0.0000000000000000e+00,1,500,100,20,1.00000000e+00,5.00000000e-01,2.50000000e-01,677,0.00000000e+00,0.00000000e+00,0.00000000e+00,1,0,"Vaccines and Sera",156,,0
"17677","Pentavalent, diphtheria-pertussis-tetanus-HB-Hem injection ",,0,0.0000000000000000e+00,1,500,100,20,1.00000000e+00,5.00000000e-01,2.50000000e-01,675,0.00000000e+00,0.00000000e+00,0.00000000e+00,1,0,"Vaccines and Sera",154,,0
"17991","BCG vaccine injection 20 dose vial",,0,0.0000000000000000e+00,1,500,100,20,1.00000000e+00,5.00000000e-01,2.50000000e-01,673,0.00000000e+00,0.00000000e+00,0.00000000e+00,1,0,"Vaccines and Sera",152,,0
"18042","Frusemide tablet 40mg",,0,0.0000000000000000e+00,1,500,100,20,1.00000000e+00,5.00000000e-01,2.50000000e-01,681,0.00000000e+00,0.00000000e+00,0.00000000e+00,1,0,"Antihypertensive and Antihypotensive Medicines",160,,0
"18046","Hydrochlorthiazide tablet 25mg",,0,0.0000000000000000e+00,1,500,100,20,1.00000000e+00,5.00000000e-01,2.50000000e-01,684,0.00000000e+00,0.00000000e+00,0.00000000e+00,1,0,"Antihypertensive and Antihypotensive Medicines",163,,0
"18171","Hydralazine HCL injection 20mg",,0,0.0000000000000000e+00,1,500,100,20,1.00000000e+00,5.00000000e-01,2.50000000e-01,682,0.00000000e+00,0.00000000e+00,0.00000000e+00,1,0,"Antihypertensive and Antihypotensive Medicines",161,,0
"18401","Nifedipine capsule 10mg",,0,0.0000000000000000e+00,1,500,100,20,1.00000000e+00,5.00000000e-01,2.50000000e-01,686,0.00000000e+00,0.00000000e+00,0.00000000e+00,1,0,"Antihypertensive and Antihypotensive Medicines",165,,0
"18407","Propranolol tablet 40mg",,0,0.0000000000000000e+00,1,500,100,20,1.00000000e+00,5.00000000e-01,2.50000000e-01,687,0.00000000e+00,0.00000000e+00,0.00000000e+00,1,0,"Antihypertensive and Antihypotensive Medicines",166,,0
"18870","Adrenaline injection 1mg/ml",,0,0.0000000000000000e+00,1,500,100,20,1.00000000e+00,5.00000000e-01,2.50000000e-01,679,0.00000000e+00,0.00000000e+00,0.00000000e+00,1,0,"Antihypertensive and Antihypotensive Medicines",158,,0
"18894","Methyldopa tablet 250 mg",,0,0.0000000000000000e+00,1,500,100,20,1.00000000e+00,5.00000000e-01,2.50000000e-01,685,0.00000000e+00,0.00000000e+00,0.00000000e+00,1,0,"Antihypertensive and Antihypotensive Medicines",164,,0
"18932","Frusemide injection 10mg/ml, 2 ml ",,0,0.0000000000000000e+00,1,500,100,20,1.00000000e+00,5.00000000e-01,2.50000000e-01,680,0.00000000e+00,0.00000000e+00,0.00000000e+00,1,0,"Antihypertensive and Antihypotensive Medicines",159,,0
"18978","Hydralazine HCL tablet 25mg",,0,0.0000000000000000e+00,1,500,100,20,1.00000000e+00,5.00000000e-01,2.50000000e-01,683,0.00000000e+00,0.00000000e+00,0.00000000e+00,1,0,"Antihypertensive and Antihypotensive Medicines",162,,0
"19249","Glibenclamide tablet 5mg",,0,0.0000000000000000e+00,1,500,100,20,1.00000000e+00,5.00000000e-01,2.50000000e-01,688,0.00000000e+00,0.00000000e+00,0.00000000e+00,1,0,"Diabetes Control",167,,0
"19592","Insulin soluble injection 100 units/ml",,0,0.0000000000000000e+00,1,500,100,20,1.00000000e+00,5.00000000e-01,2.50000000e-01,689,0.00000000e+00,0.00000000e+00,0.00000000e+00,1,0,"Diabetes Control",168,,0
"19824","Insulin zinc suspension injection 100 units/ml",,0,0.0000000000000000e+00,1,500,100,20,1.00000000e+00,5.00000000e-01,2.50000000e-01,690,0.00000000e+00,0.00000000e+00,0.00000000e+00,1,0,"Diabetes Control",169,,0
"20135","Sodium chloride infusion 0.9%, 1000ml",,0,0.0000000000000000e+00,1,1000,100,50,1.00000000e+00,5.00000000e-01,2.50000000e-01,696,0.00000000e+00,0.00000000e+00,0.00000000e+00,1,0,"Replacement Fluids",175,,0
"20345","Glucose (dextrose) infusion 5%, 1000ml",,0,0.0000000000000000e+00,1,1000,100,50,1.00000000e+00,5.00000000e-01,2.50000000e-01,691,0.00000000e+00,0.00000000e+00,0.00000000e+00,1,0,"Replacement Fluids",170,,0
"20405","Ringer's lactate plus set infusion 1000ml",,0,0.0000000000000000e+00,1,1000,100,50,1.00000000e+00,5.00000000e-01,2.50000000e-01,695,0.00000000e+00,0.00000000e+00,0.00000000e+00,1,0,"Replacement Fluids",174,,0
"20474","Sodium lactate comp (Ringer lactate) infusion 1000ml",,0,0.0000000000000000e+00,1,1000,100,50,1.00000000e+00,5.00000000e-01,2.50000000e-01,697,0.00000000e+00,0.00000000e+00,0.00000000e+00,1,0,"Replacement Fluids",176,,0
"20651","Sodium lactate+glucose (paed) infusion 200ml",,0,0.0000000000000000e+00,1,1000,100,50,1.00000000e+00,5.00000000e-01,2.50000000e-01,698,0.00000000e+00,0.00000000e+00,0.00000000e+00,1,0,"Replacement Fluids",177,,0
"20659","Glucose (dextrose) injection 50%, 20ml amp",,0,0.0000000000000000e+00,1,1000,100,50,1.00000000e+00,5.00000000e-01,2.50000000e-01,692,0.00000000e+00,0.00000000e+00,0.00000000e+00,1,0,"Replacement Fluids",171,,0
"20779","Plasma expander in standard only infusion 500ml ",,0,0.0000000000000000e+00,1,1000,100,50,1.00000000e+00,5.00000000e-01,2.50000000e-01,694,0.00000000e+00,0.00000000e+00,0.00000000e+00,1,0,"Replacement Fluids",173,,0
"20972","Water for injection 10ml",,0,0.0000000000000000e+00,1,1000,100,50,1.00000000e+00,5.00000000e-01,2.50000000e-01,699,0.00000000e+00,0.00000000e+00,0.00000000e+00,1,0,"Replacement Fluids",178,,0
"20980","Oral rehydration salts (ORS), powder sachet for 1000ml",,0,0.0000000000000000e+00,1,1000,100,50,1.00000000e+00,5.00000000e-01,2.50000000e-01,693,0.00000000e+00,0.00000000e+00,0.00000000e+00,1,0,"Replacement Fluids",172,,0
"21040","Vitamin, multiple syrup ",,0,0.0000000000000000e+00,1,1000,100,50,1.00000000e+00,5.00000000e-01,2.50000000e-01,704,0.00000000e+00,0.00000000e+00,0.00000000e+00,1,0,"Vitamins",183,,0
"21106","Vitamin A capsule 100,000 IU",,0,0.0000000000000000e+00,1,1000,100,50,1.00000000e+00,5.00000000e-01,2.50000000e-01,701,0.00000000e+00,0.00000000e+00,0.00000000e+00,1,0,"Vitamins",180,,0
"21321","Vitamin B complex, strong tablet ",,0,0.0000000000000000e+00,1,1000,100,50,1.00000000e+00,5.00000000e-01,2.50000000e-01,703,0.00000000e+00,0.00000000e+00,0.00000000e+00,1,0,"Vitamins",182,,0
"21495","pyridoxine (vitamin B6) tablet 20mg",,0,0.0000000000000000e+00,1,1000,100,50,1.00000000e+00,5.00000000e-01,2.50000000e-01,700,0.00000000e+00,0.00000000e+00,0.00000000e+00,1,0,"Vitamins",179,,0
"21594","Vitamin A capsule 200,000 IU",,0,0.0000000000000000e+00,1,1000,100,50,1.00000000e+00,5.00000000e-01,2.50000000e-01,702,0.00000000e+00,0.00000000e+00,0.00000000e+00,1,0,"Vitamins",181,,0
"21741","Vitamin, multiple tablet ",,0,0.0000000000000000e+00,1,1000,100,50,1.00000000e+00,5.00000000e-01,2.50000000e-01,705,0.00000000e+00,0.00000000e+00,0.00000000e+00,1,0,"Vitamins",184,,0
"22148","Iodophors (povidone iodine) ",,0,0.0000000000000000e+00,1,1000,100,50,1.00000000e+00,5.00000000e-01,2.50000000e-01,710,0.00000000e+00,0.00000000e+00,0.00000000e+00,1,0,"Disinfectants, Antiseptics and Cleaning Agents",189,,0
"22442","Alcohol solution  60-90%",,0,0.0000000000000000e+00,1,1000,100,50,1.00000000e+00,5.00000000e-01,2.50000000e-01,706,0.00000000e+00,0.00000000e+00,0.00000000e+00,1,0,"Disinfectants, Antiseptics and Cleaning Agents",185,,0
"22444","Sodium hypochloride  3.5% or 5%, 5L",,0,0.0000000000000000e+00,1,1000,100,50,1.00000000e+00,5.00000000e-01,2.50000000e-01,711,0.00000000e+00,0.00000000e+00,0.00000000e+00,1,0,"Disinfectants, Antiseptics and Cleaning Agents",190,,0
"22704","Chlorhexidine 4% 5L",,0,0.0000000000000000e+00,1,1000,100,50,1.00000000e+00,5.00000000e-01,2.50000000e-01,708,0.00000000e+00,0.00000000e+00,0.00000000e+00,1,0,"Disinfectants, Antiseptics and Cleaning Agents",187,,0
"22764","Glycerine  ",,0,0.0000000000000000e+00,1,1000,100,50,1.00000000e+00,5.00000000e-01,2.50000000e-01,709,0.00000000e+00,0.00000000e+00,0.00000000e+00,1,0,"Disinfectants, Antiseptics and Cleaning Agents",188,,0
"22812","Black disinfectant (Lysol) 5L",,0,0.0000000000000000e+00,1,1000,100,50,1.00000000e+00,5.00000000e-01,2.50000000e-01,707,0.00000000e+00,0.00000000e+00,0.00000000e+00,1,0,"Disinfectants, Antiseptics and Cleaning Agents",186,,0
"23014","Plaster, zinc oxide each 7.5cm",,0,0.0000000000000000e+00,1,1000,100,50,1.00000000e+00,5.00000000e-01,2.50000000e-01,774,0.00000000e+00,0.00000000e+00,0.00000000e+00,1,0,"Supplies:General Surgicals",253,,0
"23015","Bandage, WOW each 7.5cm x 4m",,0,0.0000000000000000e+00,1,1000,100,50,1.00000000e+00,5.00000000e-01,2.50000000e-01,718,0.00000000e+00,0.00000000e+00,0.00000000e+00,1,0,"Supplies:General Surgicals",197,,0
"23016","Tablet counter each ",,0,0.0000000000000000e+00,1,1000,100,50,1.00000000e+00,5.00000000e-01,2.50000000e-01,799,0.00000000e+00,0.00000000e+00,0.00000000e+00,1,0,"Supplies:General Surgicals",278,,0
"23018","Scissors, mcindoe's pair ",,0,0.0000000000000000e+00,1,1000,100,50,1.00000000e+00,5.00000000e-01,2.50000000e-01,783,0.00000000e+00,0.00000000e+00,0.00000000e+00,1,0,"Supplies:General Surgicals",262,,0
"23040","Manual vacuum aspirator (MVA kit) each ",,0,0.0000000000000000e+00,1,1000,100,50,1.00000000e+00,5.00000000e-01,2.50000000e-01,763,0.00000000e+00,0.00000000e+00,0.00000000e+00,1,0,"Supplies:General Surgicals",242,,0
"23046","Forceps, Lane's each ",,0,0.0000000000000000e+00,1,1000,100,50,1.00000000e+00,5.00000000e-01,2.50000000e-01,743,0.00000000e+00,0.00000000e+00,0.00000000e+00,1,0,"Supplies:General Surgicals",222,,0
"23050","Plaster of Paris (POP) 7.5cm",,0,0.0000000000000000e+00,1,1000,100,50,1.00000000e+00,5.00000000e-01,2.50000000e-01,773,0.00000000e+00,0.00000000e+00,0.00000000e+00,1,0,"Supplies:General Surgicals",252,,0
"23054","Syringes, 2ml with needle, disposable 100 ",,0,0.0000000000000000e+00,1,1000,100,50,1.00000000e+00,5.00000000e-01,2.50000000e-01,797,0.00000000e+00,0.00000000e+00,0.00000000e+00,1,0,"Supplies:General Surgicals",276,,0
"23058","Catheter, Foley's + urine bag (2000 ml) each 10G",,0,0.0000000000000000e+00,1,1000,100,50,1.00000000e+00,5.00000000e-01,2.50000000e-01,730,0.00000000e+00,0.00000000e+00,0.00000000e+00,1,0,"Supplies:General Surgicals",209,,0
"23065","Infusion set each pediatric w/t burette",,0,0.0000000000000000e+00,1,1000,100,50,1.00000000e+00,5.00000000e-01,2.50000000e-01,760,0.00000000e+00,0.00000000e+00,0.00000000e+00,1,0,"Supplies:General Surgicals",239,,0
"23083","Introducer each ",,0,0.0000000000000000e+00,1,1000,100,50,1.00000000e+00,5.00000000e-01,2.50000000e-01,761,0.00000000e+00,0.00000000e+00,0.00000000e+00,1,0,"Supplies:General Surgicals",240,,0
"23084","Cannula, disposable each 16G",,0,0.0000000000000000e+00,1,1000,100,50,1.00000000e+00,5.00000000e-01,2.50000000e-01,720,0.00000000e+00,0.00000000e+00,0.00000000e+00,1,0,"Supplies:General Surgicals",199,,0
"23085","Syringes, 10ml with needle, disposable 100 ",,0,0.0000000000000000e+00,1,1000,100,50,1.00000000e+00,5.00000000e-01,2.50000000e-01,796,0.00000000e+00,0.00000000e+00,0.00000000e+00,1,0,"Supplies:General Surgicals",275,,0
"23086","Ambubag and mask, adult each ",,0,0.0000000000000000e+00,1,1000,100,50,1.00000000e+00,5.00000000e-01,2.50000000e-01,712,0.00000000e+00,0.00000000e+00,0.00000000e+00,1,0,"Supplies:General Surgicals",191,,0
"23141","Needle, spinal, disposable Luer  22G x 10cm",,0,0.0000000000000000e+00,1,1000,100,50,1.00000000e+00,5.00000000e-01,2.50000000e-01,768,0.00000000e+00,0.00000000e+00,0.00000000e+00,1,0,"Supplies:General Surgicals",247,,0
"23151","Bandage, WOW each 10cm x 4m",,0,0.0000000000000000e+00,1,1000,100,50,1.00000000e+00,5.00000000e-01,2.50000000e-01,716,0.00000000e+00,0.00000000e+00,0.00000000e+00,1,0,"Supplies:General Surgicals",195,,0
"23154","Gauze, absorbant each 40m",,0,0.0000000000000000e+00,1,1000,100,50,1.00000000e+00,5.00000000e-01,2.50000000e-01,746,0.00000000e+00,0.00000000e+00,0.00000000e+00,1,0,"Supplies:General Surgicals",225,,0
"23156","Forceps, large strong dissecting each ",,0,0.0000000000000000e+00,1,1000,100,50,1.00000000e+00,5.00000000e-01,2.50000000e-01,744,0.00000000e+00,0.00000000e+00,0.00000000e+00,1,0,"Supplies:General Surgicals",223,,0
"23171","Umbilical tape each 500cm",,0,0.0000000000000000e+00,1,1000,100,50,1.00000000e+00,5.00000000e-01,2.50000000e-01,807,0.00000000e+00,0.00000000e+00,0.00000000e+00,1,0,"Supplies:General Surgicals",286,,0
"23188","Infusion set each adult",,0,0.0000000000000000e+00,1,1000,100,50,1.00000000e+00,5.00000000e-01,2.50000000e-01,758,0.00000000e+00,0.00000000e+00,0.00000000e+00,1,0,"Supplies:General Surgicals",237,,0
"23203","Nasal gastric tube each 8ch",,0,0.0000000000000000e+00,1,1000,100,50,1.00000000e+00,5.00000000e-01,2.50000000e-01,766,0.00000000e+00,0.00000000e+00,0.00000000e+00,1,0,"Supplies:General Surgicals",245,,0
"23208","Sphygmomanometer, aneroid (Bp machine) each ",,0,0.0000000000000000e+00,1,1000,100,50,1.00000000e+00,5.00000000e-01,2.50000000e-01,791,0.00000000e+00,0.00000000e+00,0.00000000e+00,1,0,"Supplies:General Surgicals",270,,0
"23210","Cargut, chromic 1 on needle 12 ",,0,0.0000000000000000e+00,1,1000,100,50,1.00000000e+00,5.00000000e-01,2.50000000e-01,725,0.00000000e+00,0.00000000e+00,0.00000000e+00,1,0,"Supplies:General Surgicals",204,,0
"23230","Gloves, surgical pair 7",,0,0.0000000000000000e+00,1,1000,100,50,1.00000000e+00,5.00000000e-01,2.50000000e-01,755,0.00000000e+00,0.00000000e+00,0.00000000e+00,1,0,"Supplies:General Surgicals",234,,0
"23251","Catheter, Foley's + urine bag (2000 ml) each 18G",,0,0.0000000000000000e+00,1,1000,100,50,1.00000000e+00,5.00000000e-01,2.50000000e-01,733,0.00000000e+00,0.00000000e+00,0.00000000e+00,1,0,"Supplies:General Surgicals",212,,0
"23257","Cannula, disposable each 22G",,0,0.0000000000000000e+00,1,1000,100,50,1.00000000e+00,5.00000000e-01,2.50000000e-01,723,0.00000000e+00,0.00000000e+00,0.00000000e+00,1,0,"Supplies:General Surgicals",202,,0
"23259","Sclapel blade size 11 each ",,0,0.0000000000000000e+00,1,1000,100,50,1.00000000e+00,5.00000000e-01,2.50000000e-01,785,0.00000000e+00,0.00000000e+00,0.00000000e+00,1,0,"Supplies:General Surgicals",264,,0
"23262","Catgut, chromic 2/0 on needle 12 ",,0,0.0000000000000000e+00,1,1000,100,50,1.00000000e+00,5.00000000e-01,2.50000000e-01,728,0.00000000e+00,0.00000000e+00,0.00000000e+00,1,0,"Supplies:General Surgicals",207,,0
"23266","Scalpel handle size 4 each ",,0,0.0000000000000000e+00,1,1000,100,50,1.00000000e+00,5.00000000e-01,2.50000000e-01,780,0.00000000e+00,0.00000000e+00,0.00000000e+00,1,0,"Supplies:General Surgicals",259,,0
"23273","Foot suction (manual) ",,0,0.0000000000000000e+00,1,1000,100,50,1.00000000e+00,5.00000000e-01,2.50000000e-01,741,0.00000000e+00,0.00000000e+00,0.00000000e+00,1,0,"Supplies:General Surgicals",220,,0
"23292","Infusion set each pediatric",,0,0.0000000000000000e+00,1,1000,100,50,1.00000000e+00,5.00000000e-01,2.50000000e-01,759,0.00000000e+00,0.00000000e+00,0.00000000e+00,1,0,"Supplies:General Surgicals",238,,0
"23297","Dispensing bags ",,0,0.0000000000000000e+00,1,1000,100,50,1.00000000e+00,5.00000000e-01,2.50000000e-01,739,0.00000000e+00,0.00000000e+00,0.00000000e+00,1,0,"Supplies:General Surgicals",218,,0
"23320","Sclapel blade size 23 each ",,0,0.0000000000000000e+00,1,1000,100,50,1.00000000e+00,5.00000000e-01,2.50000000e-01,788,0.00000000e+00,0.00000000e+00,0.00000000e+00,1,0,"Supplies:General Surgicals",267,,0
"23322","Thermometer, digital each ",,0,0.0000000000000000e+00,1,1000,100,50,1.00000000e+00,5.00000000e-01,2.50000000e-01,801,0.00000000e+00,0.00000000e+00,0.00000000e+00,1,0,"Supplies:General Surgicals",280,,0
"23326","Chlorine powder  ",,0,0.0000000000000000e+00,1,1000,100,50,1.00000000e+00,5.00000000e-01,2.50000000e-01,734,0.00000000e+00,0.00000000e+00,0.00000000e+00,1,0,"Supplies:General Surgicals",213,,0
"23327","Forceps, long fine dissecting each ",,0,0.0000000000000000e+00,1,1000,100,50,1.00000000e+00,5.00000000e-01,2.50000000e-01,745,0.00000000e+00,0.00000000e+00,0.00000000e+00,1,0,"Supplies:General Surgicals",224,,0
"23331","Ventilation mask each ",,0,0.0000000000000000e+00,1,1000,100,50,1.00000000e+00,5.00000000e-01,2.50000000e-01,810,0.00000000e+00,0.00000000e+00,0.00000000e+00,1,0,"Supplies:General Surgicals",289,,0
"23337","Scalp vein set each 25G",,0,0.0000000000000000e+00,1,1000,100,50,1.00000000e+00,5.00000000e-01,2.50000000e-01,778,0.00000000e+00,0.00000000e+00,0.00000000e+00,1,0,"Supplies:General Surgicals",257,,0
"23352","Bottle for ORS each 1000ml",,0,0.0000000000000000e+00,1,1000,100,50,1.00000000e+00,5.00000000e-01,2.50000000e-01,719,0.00000000e+00,0.00000000e+00,0.00000000e+00,1,0,"Supplies:General Surgicals",198,,0
"23355","Oxygen 100L",,0,0.0000000000000000e+00,1,1000,100,50,1.00000000e+00,5.00000000e-01,2.50000000e-01,770,0.00000000e+00,0.00000000e+00,0.00000000e+00,1,0,"Supplies:General Surgicals",249,,0
"23357","Umbilical clips each ",,0,0.0000000000000000e+00,1,1000,100,50,1.00000000e+00,5.00000000e-01,2.50000000e-01,806,0.00000000e+00,0.00000000e+00,0.00000000e+00,1,0,"Supplies:General Surgicals",285,,0
"23369","Face masks each ",,0,0.0000000000000000e+00,1,1000,100,50,1.00000000e+00,5.00000000e-01,2.50000000e-01,740,0.00000000e+00,0.00000000e+00,0.00000000e+00,1,0,"Supplies:General Surgicals",219,,0
"23370","Methylated spirit 5L",,0,0.0000000000000000e+00,1,1000,100,50,1.00000000e+00,5.00000000e-01,2.50000000e-01,764,0.00000000e+00,0.00000000e+00,0.00000000e+00,1,0,"Supplies:General Surgicals",243,,0
"23383","Goggles each ",,0,0.0000000000000000e+00,1,1000,100,50,1.00000000e+00,5.00000000e-01,2.50000000e-01,757,0.00000000e+00,0.00000000e+00,0.00000000e+00,1,0,"Supplies:General Surgicals",236,,0
"23388","Forceps, Bonney's each ",,0,0.0000000000000000e+00,1,1000,100,50,1.00000000e+00,5.00000000e-01,2.50000000e-01,742,0.00000000e+00,0.00000000e+00,0.00000000e+00,1,0,"Supplies:General Surgicals",221,,0
"23401","Weighing bag each ",,0,0.0000000000000000e+00,1,1000,100,50,1.00000000e+00,5.00000000e-01,2.50000000e-01,811,0.00000000e+00,0.00000000e+00,0.00000000e+00,1,0,"Supplies:General Surgicals",290,,0
"23404","Needlestick disposable container each ",,0,0.0000000000000000e+00,1,1000,100,50,1.00000000e+00,5.00000000e-01,2.50000000e-01,769,0.00000000e+00,0.00000000e+00,0.00000000e+00,1,0,"Supplies:General Surgicals",248,,0
"23406","Gloves, surgical pair 6.5",,0,0.0000000000000000e+00,1,1000,100,50,1.00000000e+00,5.00000000e-01,2.50000000e-01,754,0.00000000e+00,0.00000000e+00,0.00000000e+00,1,0,"Supplies:General Surgicals",233,,0
"23437","Syringes, 5ml with needle, disposable 100 ",,0,0.0000000000000000e+00,1,1000,100,50,1.00000000e+00,5.00000000e-01,2.50000000e-01,798,0.00000000e+00,0.00000000e+00,0.00000000e+00,1,0,"Supplies:General Surgicals",277,,0
"23444","Gloves, heavy duty pair medium",,0,0.0000000000000000e+00,1,1000,100,50,1.00000000e+00,5.00000000e-01,2.50000000e-01,753,0.00000000e+00,0.00000000e+00,0.00000000e+00,1,0,"Supplies:General Surgicals",232,,0
"23450","Weighing scale, adult (bathroom scale) each ",,0,0.0000000000000000e+00,1,1000,100,50,1.00000000e+00,5.00000000e-01,2.50000000e-01,812,0.00000000e+00,0.00000000e+00,0.00000000e+00,1,0,"Supplies:General Surgicals",291,,0
"23453","Scalp vein set each 21G",,0,0.0000000000000000e+00,1,1000,100,50,1.00000000e+00,5.00000000e-01,2.50000000e-01,776,0.00000000e+00,0.00000000e+00,0.00000000e+00,1,0,"Supplies:General Surgicals",255,,0
"23471","Suture set each ",,0,0.0000000000000000e+00,1,1000,100,50,1.00000000e+00,5.00000000e-01,2.50000000e-01,793,0.00000000e+00,0.00000000e+00,0.00000000e+00,1,0,"Supplies:General Surgicals",272,,0
"23481","Catgut, chromic 2 on needle 12 ",,0,0.0000000000000000e+00,1,1000,100,50,1.00000000e+00,5.00000000e-01,2.50000000e-01,727,0.00000000e+00,0.00000000e+00,0.00000000e+00,1,0,"Supplies:General Surgicals",206,,0
"23502","Bandage, crepe each 7.5cm",,0,0.0000000000000000e+00,1,1000,100,50,1.00000000e+00,5.00000000e-01,2.50000000e-01,715,0.00000000e+00,0.00000000e+00,0.00000000e+00,1,0,"Supplies:General Surgicals",194,,0
"23509","Scalpel handle size 3 each ",,0,0.0000000000000000e+00,1,1000,100,50,1.00000000e+00,5.00000000e-01,2.50000000e-01,779,0.00000000e+00,0.00000000e+00,0.00000000e+00,1,0,"Supplies:General Surgicals",258,,0
"23522","Nebulizer each ",,0,0.0000000000000000e+00,1,1000,100,50,1.00000000e+00,5.00000000e-01,2.50000000e-01,767,0.00000000e+00,0.00000000e+00,0.00000000e+00,1,0,"Supplies:General Surgicals",246,,0
"23527","Sclapel blade size 21 each ",,0,0.0000000000000000e+00,1,1000,100,50,1.00000000e+00,5.00000000e-01,2.50000000e-01,787,0.00000000e+00,0.00000000e+00,0.00000000e+00,1,0,"Supplies:General Surgicals",266,,0
"23529","Gloves, examination pair medium",,0,0.0000000000000000e+00,1,1000,100,50,1.00000000e+00,5.00000000e-01,2.50000000e-01,750,0.00000000e+00,0.00000000e+00,0.00000000e+00,1,0,"Supplies:General Surgicals",229,,0
"23533","Scissors, Mayo's curved pair ",,0,0.0000000000000000e+00,1,1000,100,50,1.00000000e+00,5.00000000e-01,2.50000000e-01,782,0.00000000e+00,0.00000000e+00,0.00000000e+00,1,0,"Supplies:General Surgicals",261,,0
"23535","Gloves, surgical pair 7.5",,0,0.0000000000000000e+00,1,1000,100,50,1.00000000e+00,5.00000000e-01,2.50000000e-01,756,0.00000000e+00,0.00000000e+00,0.00000000e+00,1,0,"Supplies:General Surgicals",235,,0
"23538","Vacuum extractor each ",,0,0.0000000000000000e+00,1,1000,100,50,1.00000000e+00,5.00000000e-01,2.50000000e-01,808,0.00000000e+00,0.00000000e+00,0.00000000e+00,1,0,"Supplies:General Surgicals",287,,0
"23560","Gloves, examination pair large",,0,0.0000000000000000e+00,1,1000,100,50,1.00000000e+00,5.00000000e-01,2.50000000e-01,749,0.00000000e+00,0.00000000e+00,0.00000000e+00,1,0,"Supplies:General Surgicals",228,,0
"23591","Cotton wool each 500g",,0,0.0000000000000000e+00,1,1000,100,50,1.00000000e+00,5.00000000e-01,2.50000000e-01,735,0.00000000e+00,0.00000000e+00,0.00000000e+00,1,0,"Supplies:General Surgicals",214,,0
"23592","Spacer each ",,0,0.0000000000000000e+00,1,1000,100,50,1.00000000e+00,5.00000000e-01,2.50000000e-01,790,0.00000000e+00,0.00000000e+00,0.00000000e+00,1,0,"Supplies:General Surgicals",269,,0
"23619","Silk braided 2/0 on needle 12 ",,0,0.0000000000000000e+00,1,1000,100,50,1.00000000e+00,5.00000000e-01,2.50000000e-01,789,0.00000000e+00,0.00000000e+00,0.00000000e+00,1,0,"Supplies:General Surgicals",268,,0
"23620","Gauze, vaseline ",,0,0.0000000000000000e+00,1,1000,100,50,1.00000000e+00,5.00000000e-01,2.50000000e-01,748,0.00000000e+00,0.00000000e+00,0.00000000e+00,1,0,"Supplies:General Surgicals",227,,0
"23629","Oxygen valve 4-6L/min ",,0,0.0000000000000000e+00,1,1000,100,50,1.00000000e+00,5.00000000e-01,2.50000000e-01,772,0.00000000e+00,0.00000000e+00,0.00000000e+00,1,0,"Supplies:General Surgicals",251,,0
"23631","Suture, nylon (polyamide) 2/0 on needle 12 ",,0,0.0000000000000000e+00,1,1000,100,50,1.00000000e+00,5.00000000e-01,2.50000000e-01,795,0.00000000e+00,0.00000000e+00,0.00000000e+00,1,0,"Supplies:General Surgicals",274,,0
"23639","Thermometer each ",,0,0.0000000000000000e+00,1,1000,100,50,1.00000000e+00,5.00000000e-01,2.50000000e-01,800,0.00000000e+00,0.00000000e+00,0.00000000e+00,1,0,"Supplies:General Surgicals",279,,0
"23666","Cannula, disposable each 18G",,0,0.0000000000000000e+00,1,1000,100,50,1.00000000e+00,5.00000000e-01,2.50000000e-01,721,0.00000000e+00,0.00000000e+00,0.00000000e+00,1,0,"Supplies:General Surgicals",200,,0
"23670","Scalp vein set each 23G",,0,0.0000000000000000e+00,1,1000,100,50,1.00000000e+00,5.00000000e-01,2.50000000e-01,777,0.00000000e+00,0.00000000e+00,0.00000000e+00,1,0,"Supplies:General Surgicals",256,,0
"23674","Plastic apron each ",,0,0.0000000000000000e+00,1,1000,100,50,1.00000000e+00,5.00000000e-01,2.50000000e-01,775,0.00000000e+00,0.00000000e+00,0.00000000e+00,1,0,"Supplies:General Surgicals",254,,0
"23675","Cannula, disposable each 24G",,0,0.0000000000000000e+00,1,1000,100,50,1.00000000e+00,5.00000000e-01,2.50000000e-01,724,0.00000000e+00,0.00000000e+00,0.00000000e+00,1,0,"Supplies:General Surgicals",203,,0
"23677","Diagnostic set each ",,0,0.0000000000000000e+00,1,1000,100,50,1.00000000e+00,5.00000000e-01,2.50000000e-01,738,0.00000000e+00,0.00000000e+00,0.00000000e+00,1,0,"Supplies:General Surgicals",217,,0
"23711","Autodestruct syringes and needles 100 ",,0,0.0000000000000000e+00,1,1000,100,50,1.00000000e+00,5.00000000e-01,2.50000000e-01,714,0.00000000e+00,0.00000000e+00,0.00000000e+00,1,0,"Supplies:General Surgicals",193,,0
"23719","Catgut, rb, sterile with needle 12 ",,0,0.0000000000000000e+00,1,1000,100,50,1.00000000e+00,5.00000000e-01,2.50000000e-01,729,0.00000000e+00,0.00000000e+00,0.00000000e+00,1,0,"Supplies:General Surgicals",208,,0
"23729","Laryngoscope each ",,0,0.0000000000000000e+00,1,1000,100,50,1.00000000e+00,5.00000000e-01,2.50000000e-01,762,0.00000000e+00,0.00000000e+00,0.00000000e+00,1,0,"Supplies:General Surgicals",241,,0
"23739","Bandage, WOW each 5.0cm x 4m",,0,0.0000000000000000e+00,1,1000,100,50,1.00000000e+00,5.00000000e-01,2.50000000e-01,717,0.00000000e+00,0.00000000e+00,0.00000000e+00,1,0,"Supplies:General Surgicals",196,,0
"23766","Oxygen nasal prongs each ",,0,0.0000000000000000e+00,1,1000,100,50,1.00000000e+00,5.00000000e-01,2.50000000e-01,771,0.00000000e+00,0.00000000e+00,0.00000000e+00,1,0,"Supplies:General Surgicals",250,,0
"23769","Gloves, heavy duty pair large",,0,0.0000000000000000e+00,1,1000,100,50,1.00000000e+00,5.00000000e-01,2.50000000e-01,752,0.00000000e+00,0.00000000e+00,0.00000000e+00,1,0,"Supplies:General Surgicals",231,,0
"23772","Tube, endotracheal size 8 each ",,0,0.0000000000000000e+00,1,1000,100,50,1.00000000e+00,5.00000000e-01,2.50000000e-01,805,0.00000000e+00,0.00000000e+00,0.00000000e+00,1,0,"Supplies:General Surgicals",284,,0
"23797","Catheter, Foley's + urine bag (2000 ml) each 16G",,0,0.0000000000000000e+00,1,1000,100,50,1.00000000e+00,5.00000000e-01,2.50000000e-01,732,0.00000000e+00,0.00000000e+00,0.00000000e+00,1,0,"Supplies:General Surgicals",211,,0
"23805","Vasectomy kits each ",,0,0.0000000000000000e+00,1,1000,100,50,1.00000000e+00,5.00000000e-01,2.50000000e-01,809,0.00000000e+00,0.00000000e+00,0.00000000e+00,1,0,"Supplies:General Surgicals",288,,0
"23816","Catheter, Foley's + urine bag (2000 ml) each 14G",,0,0.0000000000000000e+00,1,1000,100,50,1.00000000e+00,5.00000000e-01,2.50000000e-01,731,0.00000000e+00,0.00000000e+00,0.00000000e+00,1,0,"Supplies:General Surgicals",210,,0
"23846","Delivery set each ",,0,0.0000000000000000e+00,1,1000,100,50,1.00000000e+00,5.00000000e-01,2.50000000e-01,737,0.00000000e+00,0.00000000e+00,0.00000000e+00,1,0,"Supplies:General Surgicals",216,,0
"23849","Tube, endotracheal size 6 each ",,0,0.0000000000000000e+00,1,1000,100,50,1.00000000e+00,5.00000000e-01,2.50000000e-01,803,0.00000000e+00,0.00000000e+00,0.00000000e+00,1,0,"Supplies:General Surgicals",282,,0
"23856","Gauze, pad, sterile each 12 ply 76x76",,0,0.0000000000000000e+00,1,1000,100,50,1.00000000e+00,5.00000000e-01,2.50000000e-01,747,0.00000000e+00,0.00000000e+00,0.00000000e+00,1,0,"Supplies:General Surgicals",226,,0
"23880","Cannula, disposable each 20G",,0,0.0000000000000000e+00,1,1000,100,50,1.00000000e+00,5.00000000e-01,2.50000000e-01,722,0.00000000e+00,0.00000000e+00,0.00000000e+00,1,0,"Supplies:General Surgicals",201,,0
"23889","Gloves, gynaecological elbow length pair medium",,0,0.0000000000000000e+00,1,1000,100,50,1.00000000e+00,5.00000000e-01,2.50000000e-01,751,0.00000000e+00,0.00000000e+00,0.00000000e+00,1,0,"Supplies:General Surgicals",230,,0
"23901","Stethoscope each ",,0,0.0000000000000000e+00,1,1000,100,50,1.00000000e+00,5.00000000e-01,2.50000000e-01,792,0.00000000e+00,0.00000000e+00,0.00000000e+00,1,0,"Supplies:General Surgicals",271,,0
"23918","Suture, nylon (polyamide) 1 on needle 12 ",,0,0.0000000000000000e+00,1,1000,100,50,1.00000000e+00,5.00000000e-01,2.50000000e-01,794,0.00000000e+00,0.00000000e+00,0.00000000e+00,1,0,"Supplies:General Surgicals",273,,0
"23919","Ambubag and mask, peadiatric each ",,0,0.0000000000000000e+00,1,1000,100,50,1.00000000e+00,5.00000000e-01,2.50000000e-01,713,0.00000000e+00,0.00000000e+00,0.00000000e+00,1,0,"Supplies:General Surgicals",192,,0
"23938","Cup, medicine each ",,0,0.0000000000000000e+00,1,1000,100,50,1.00000000e+00,5.00000000e-01,2.50000000e-01,736,0.00000000e+00,0.00000000e+00,0.00000000e+00,1,0,"Supplies:General Surgicals",215,,0
"23939","Tube, endotracheal size 7 each ",,0,0.0000000000000000e+00,1,1000,100,50,1.00000000e+00,5.00000000e-01,2.50000000e-01,804,0.00000000e+00,0.00000000e+00,0.00000000e+00,1,0,"Supplies:General Surgicals",283,,0
"23952","Nasal gastric tube each 16ch",,0,0.0000000000000000e+00,1,1000,100,50,1.00000000e+00,5.00000000e-01,2.50000000e-01,765,0.00000000e+00,0.00000000e+00,0.00000000e+00,1,0,"Supplies:General Surgicals",244,,0
"23955","Sclapel blade size 15 each ",,0,0.0000000000000000e+00,1,1000,100,50,1.00000000e+00,5.00000000e-01,2.50000000e-01,786,0.00000000e+00,0.00000000e+00,0.00000000e+00,1,0,"Supplies:General Surgicals",265,,0
"23979","Weighing scale, infant each ",,0,0.0000000000000000e+00,1,1000,100,50,1.00000000e+00,5.00000000e-01,2.50000000e-01,813,0.00000000e+00,0.00000000e+00,0.00000000e+00,1,0,"Supplies:General Surgicals",292,,0
"24026","Lead rubber gloves ",,0,0.0000000000000000e+00,1,1000,100,50,1.00000000e+00,5.00000000e-01,2.50000000e-01,821,0.00000000e+00,0.00000000e+00,0.00000000e+00,1,0,"Supplies: X-ray Items",300,,0
"24073","Film screen, type, 35cm x 43cm 100 ",,0,0.0000000000000000e+00,1,1000,100,50,1.00000000e+00,5.00000000e-01,2.50000000e-01,818,0.00000000e+00,0.00000000e+00,0.00000000e+00,1,0,"Supplies: X-ray Items",297,,0
"24170","Film screen, type, 18cm x 43cm 100 ",,0,0.0000000000000000e+00,1,1000,100,50,1.00000000e+00,5.00000000e-01,2.50000000e-01,816,0.00000000e+00,0.00000000e+00,0.00000000e+00,1,0,"Supplies: X-ray Items",295,,0
"24346","Film screen, type, 18cm x 24cm 100 ",,0,0.0000000000000000e+00,1,1000,100,50,1.00000000e+00,5.00000000e-01,2.50000000e-01,815,0.00000000e+00,0.00000000e+00,0.00000000e+00,1,0,"Supplies: X-ray Items",294,,0
"24550","Lead rubber aprons ",,0,0.0000000000000000e+00,1,1000,100,50,1.00000000e+00,5.00000000e-01,2.50000000e-01,820,0.00000000e+00,0.00000000e+00,0.00000000e+00,1,0,"Supplies: X-ray Items",299,,0
"24564","Film screen, type, 35cm x 35cm 100 ",,0,0.0000000000000000e+00,1,1000,100,50,1.00000000e+00,5.00000000e-01,2.50000000e-01,817,0.00000000e+00,0.00000000e+00,0.00000000e+00,1,0,"Supplies: X-ray Items",296,,0
"24592","Lead rubber sheeting ",,0,0.0000000000000000e+00,1,1000,100,50,1.00000000e+00,5.00000000e-01,2.50000000e-01,822,0.00000000e+00,0.00000000e+00,0.00000000e+00,1,0,"Supplies: X-ray Items",301,,0
"24615","Developer for automatic process (makes 20 litres) each ",,0,0.0000000000000000e+00,1,1000,100,50,1.00000000e+00,5.00000000e-01,2.50000000e-01,814,0.00000000e+00,0.00000000e+00,0.00000000e+00,1,0,"Supplies: X-ray Items",293,,0
"24867","Fixer for automatic process (makes 20 litres) each ",,0,0.0000000000000000e+00,1,1000,100,50,1.00000000e+00,5.00000000e-01,2.50000000e-01,819,0.00000000e+00,0.00000000e+00,0.00000000e+00,1,0,"Supplies: X-ray Items",298,,0
"25005","Field's stain A powder",,0,0.0000000000000000e+00,1,1000,100,50,1.00000000e+00,5.00000000e-01,2.50000000e-01,841,0.00000000e+00,0.00000000e+00,0.00000000e+00,1,0,"Laboratory Stains, Reagents and Antisera",320,,0
"25007","HIV test kits: Trinity Biotech UNIGOLDTM HIV1/2 ",,0,0.0000000000000000e+00,1,1000,100,50,1.00000000e+00,5.00000000e-01,2.50000000e-01,852,0.00000000e+00,0.00000000e+00,0.00000000e+00,1,0,"Laboratory Stains, Reagents and Antisera",331,,0
"25023","Protein standard ",,0,0.0000000000000000e+00,1,1000,100,50,1.00000000e+00,5.00000000e-01,2.50000000e-01,862,0.00000000e+00,0.00000000e+00,0.00000000e+00,1,0,"Laboratory Stains, Reagents and Antisera",341,,0
"25032","Field's stain B powder",,0,0.0000000000000000e+00,1,1000,100,50,1.00000000e+00,5.00000000e-01,2.50000000e-01,842,0.00000000e+00,0.00000000e+00,0.00000000e+00,1,0,"Laboratory Stains, Reagents and Antisera",321,,0
"25036","Blood glucose test strips (for glucometer) ",,0,0.0000000000000000e+00,1,1000,100,50,1.00000000e+00,5.00000000e-01,2.50000000e-01,834,0.00000000e+00,0.00000000e+00,0.00000000e+00,1,0,"Laboratory Stains, Reagents and Antisera",313,,0
"25081","Potassium iodide ",,0,0.0000000000000000e+00,1,1000,100,50,1.00000000e+00,5.00000000e-01,2.50000000e-01,860,0.00000000e+00,0.00000000e+00,0.00000000e+00,1,0,"Laboratory Stains, Reagents and Antisera",339,,0
"25134","Syfacard-R VDRL kit (Abbott-Murex #8E58-01) 100 tests ",,0,0.0000000000000000e+00,1,1000,100,50,1.00000000e+00,5.00000000e-01,2.50000000e-01,864,0.00000000e+00,0.00000000e+00,0.00000000e+00,1,0,"Laboratory Stains, Reagents and Antisera",343,,0
"25143","Total protein kit (Biuret method) ",,0,0.0000000000000000e+00,1,1000,100,50,1.00000000e+00,5.00000000e-01,2.50000000e-01,865,0.00000000e+00,0.00000000e+00,0.00000000e+00,1,0,"Laboratory Stains, Reagents and Antisera",344,,0
"25151","HIV test kits: Determine HIV 1/2 ",,0,0.0000000000000000e+00,1,1000,100,50,1.00000000e+00,5.00000000e-01,2.50000000e-01,851,0.00000000e+00,0.00000000e+00,0.00000000e+00,1,0,"Laboratory Stains, Reagents and Antisera",330,,0
"25152","Iodine crystals",,0,0.0000000000000000e+00,1,1000,100,50,1.00000000e+00,5.00000000e-01,2.50000000e-01,854,0.00000000e+00,0.00000000e+00,0.00000000e+00,1,0,"Laboratory Stains, Reagents and Antisera",333,,0
"25173","Gram A stain (crystal violet solution) ",,0,0.0000000000000000e+00,1,1000,100,50,1.00000000e+00,5.00000000e-01,2.50000000e-01,847,0.00000000e+00,0.00000000e+00,0.00000000e+00,1,0,"Laboratory Stains, Reagents and Antisera",326,,0
"25201","Urine ketones strip",,0,0.0000000000000000e+00,1,1000,100,50,1.00000000e+00,5.00000000e-01,2.50000000e-01,867,0.00000000e+00,0.00000000e+00,0.00000000e+00,1,0,"Laboratory Stains, Reagents and Antisera",346,,0
"25214","Indian ink ",,0,0.0000000000000000e+00,1,1000,100,50,1.00000000e+00,5.00000000e-01,2.50000000e-01,853,0.00000000e+00,0.00000000e+00,0.00000000e+00,1,0,"Laboratory Stains, Reagents and Antisera",332,,0
"25215","Anti-A grouping serum",,0,0.0000000000000000e+00,1,1000,100,50,1.00000000e+00,5.00000000e-01,2.50000000e-01,826,0.00000000e+00,0.00000000e+00,0.00000000e+00,1,0,"Laboratory Stains, Reagents and Antisera",305,,0
"25221","Calcium hypochlorite granules",,0,0.0000000000000000e+00,1,1000,100,50,1.00000000e+00,5.00000000e-01,2.50000000e-01,835,0.00000000e+00,0.00000000e+00,0.00000000e+00,1,0,"Laboratory Stains, Reagents and Antisera",314,,0
"25241","Anti-D [for slide/rapid tube test] ",,0,0.0000000000000000e+00,1,1000,100,50,1.00000000e+00,5.00000000e-01,2.50000000e-01,829,0.00000000e+00,0.00000000e+00,0.00000000e+00,1,0,"Laboratory Stains, Reagents and Antisera",308,,0
"25246","Clinistix [glucose in urine] ",,0,0.0000000000000000e+00,1,1000,100,50,1.00000000e+00,5.00000000e-01,2.50000000e-01,837,0.00000000e+00,0.00000000e+00,0.00000000e+00,1,0,"Laboratory Stains, Reagents and Antisera",316,,0
"25261","Gentamycin 40 mg/ml  ",,0,0.0000000000000000e+00,1,1000,100,50,1.00000000e+00,5.00000000e-01,2.50000000e-01,843,0.00000000e+00,0.00000000e+00,0.00000000e+00,1,0,"Laboratory Stains, Reagents and Antisera",322,,0
"25268","Basic fuchsin powder ",,0,0.0000000000000000e+00,1,1000,100,50,1.00000000e+00,5.00000000e-01,2.50000000e-01,831,0.00000000e+00,0.00000000e+00,0.00000000e+00,1,0,"Laboratory Stains, Reagents and Antisera",310,,0
"25272","Anti-B grouping serum ",,0,0.0000000000000000e+00,1,1000,100,50,1.00000000e+00,5.00000000e-01,2.50000000e-01,828,0.00000000e+00,0.00000000e+00,0.00000000e+00,1,0,"Laboratory Stains, Reagents and Antisera",307,,0
"25291","Sodium chloride powder ",,0,0.0000000000000000e+00,1,1000,100,50,1.00000000e+00,5.00000000e-01,2.50000000e-01,863,0.00000000e+00,0.00000000e+00,0.00000000e+00,1,0,"Laboratory Stains, Reagents and Antisera",342,,0
"25295","Hepatitis B test kit: Determine HBV ",,0,0.0000000000000000e+00,1,1000,100,50,1.00000000e+00,5.00000000e-01,2.50000000e-01,850,0.00000000e+00,0.00000000e+00,0.00000000e+00,1,0,"Laboratory Stains, Reagents and Antisera",329,,0
"25315","Methylene blue powder ",,0,0.0000000000000000e+00,1,1000,100,50,1.00000000e+00,5.00000000e-01,2.50000000e-01,856,0.00000000e+00,0.00000000e+00,0.00000000e+00,1,0,"Laboratory Stains, Reagents and Antisera",335,,0
"25326","Trichloroacetic acid ",,0,0.0000000000000000e+00,1,1000,100,50,1.00000000e+00,5.00000000e-01,2.50000000e-01,866,0.00000000e+00,0.00000000e+00,0.00000000e+00,1,0,"Laboratory Stains, Reagents and Antisera",345,,0
"25330","Commercial haemiglobincyanide standards (from BDH) ",,0,0.0000000000000000e+00,1,1000,100,50,1.00000000e+00,5.00000000e-01,2.50000000e-01,838,0.00000000e+00,0.00000000e+00,0.00000000e+00,1,0,"Laboratory Stains, Reagents and Antisera",317,,0
"25352","Glucose oxidase test kit. ",,0,0.0000000000000000e+00,1,1000,100,50,1.00000000e+00,5.00000000e-01,2.50000000e-01,846,0.00000000e+00,0.00000000e+00,0.00000000e+00,1,0,"Laboratory Stains, Reagents and Antisera",325,,0
"25364","Cary-Blair transport medium for collection of cholera specimens ",,0,0.0000000000000000e+00,1,1000,100,50,1.00000000e+00,5.00000000e-01,2.50000000e-01,836,0.00000000e+00,0.00000000e+00,0.00000000e+00,1,0,"Laboratory Stains, Reagents and Antisera",315,,0
"25376","Glacial acetic acid ",,0,0.0000000000000000e+00,1,1000,100,50,1.00000000e+00,5.00000000e-01,2.50000000e-01,844,0.00000000e+00,0.00000000e+00,0.00000000e+00,1,0,"Laboratory Stains, Reagents and Antisera",323,,0
"25463","Microbiology culture media and reagents (list of requirements to be advised) ",,0,0.0000000000000000e+00,1,1000,100,50,1.00000000e+00,5.00000000e-01,2.50000000e-01,857,0.00000000e+00,0.00000000e+00,0.00000000e+00,1,0,"Laboratory Stains, Reagents and Antisera",336,,0
"25470","Absolute methanol ",,0,0.0000000000000000e+00,1,1000,100,50,1.00000000e+00,5.00000000e-01,2.50000000e-01,823,0.00000000e+00,0.00000000e+00,0.00000000e+00,1,0,"Laboratory Stains, Reagents and Antisera",302,,0
"25525","Anti-human globulin [Coomb's reagent] ",,0,0.0000000000000000e+00,1,1000,100,50,1.00000000e+00,5.00000000e-01,2.50000000e-01,830,0.00000000e+00,0.00000000e+00,0.00000000e+00,1,0,"Laboratory Stains, Reagents and Antisera",309,,0
"25532","Haemastrip (for blood in urine) ",,0,0.0000000000000000e+00,1,1000,100,50,1.00000000e+00,5.00000000e-01,2.50000000e-01,849,0.00000000e+00,0.00000000e+00,0.00000000e+00,1,0,"Laboratory Stains, Reagents and Antisera",328,,0
"25557","Benzyl penicillin 3 g (5 mu) PFR ",,0,0.0000000000000000e+00,1,1000,100,50,1.00000000e+00,5.00000000e-01,2.50000000e-01,832,0.00000000e+00,0.00000000e+00,0.00000000e+00,1,0,"Laboratory Stains, Reagents and Antisera",311,,0
"25613","Concentrated hydrochloric acid ",,0,0.0000000000000000e+00,1,1000,100,50,1.00000000e+00,5.00000000e-01,2.50000000e-01,839,0.00000000e+00,0.00000000e+00,0.00000000e+00,1,0,"Laboratory Stains, Reagents and Antisera",318,,0
"25669","Albustix [protein in urine] ",,0,0.0000000000000000e+00,1,1000,100,50,1.00000000e+00,5.00000000e-01,2.50000000e-01,825,0.00000000e+00,0.00000000e+00,0.00000000e+00,1,0,"Laboratory Stains, Reagents and Antisera",304,,0
"25671","Anti-AB grouping serum ",,0,0.0000000000000000e+00,1,1000,100,50,1.00000000e+00,5.00000000e-01,2.50000000e-01,827,0.00000000e+00,0.00000000e+00,0.00000000e+00,1,0,"Laboratory Stains, Reagents and Antisera",306,,0
"25677","Oil immersion (cedarwood) ",,0,0.0000000000000000e+00,1,1000,100,50,1.00000000e+00,5.00000000e-01,2.50000000e-01,858,0.00000000e+00,0.00000000e+00,0.00000000e+00,1,0,"Laboratory Stains, Reagents and Antisera",337,,0
"25692","VDRL positive control serum, (Abbott-Murex #9340-01) 1ml ",,0,0.0000000000000000e+00,1,1000,100,50,1.00000000e+00,5.00000000e-01,2.50000000e-01,868,0.00000000e+00,0.00000000e+00,0.00000000e+00,1,0,"Laboratory Stains, Reagents and Antisera",347,,0
"25710","Phenol crystals (detached) ",,0,0.0000000000000000e+00,1,1000,100,50,1.00000000e+00,5.00000000e-01,2.50000000e-01,859,0.00000000e+00,0.00000000e+00,0.00000000e+00,1,0,"Laboratory Stains, Reagents and Antisera",338,,0
"25719","Black disinfectant ",,0,0.0000000000000000e+00,1,1000,100,50,1.00000000e+00,5.00000000e-01,2.50000000e-01,833,0.00000000e+00,0.00000000e+00,0.00000000e+00,1,0,"Laboratory Stains, Reagents and Antisera",312,,0
"25751","Methylated spirits (drum 200l) ",,0,0.0000000000000000e+00,1,1000,100,50,1.00000000e+00,5.00000000e-01,2.50000000e-01,855,0.00000000e+00,0.00000000e+00,0.00000000e+00,1,0,"Laboratory Stains, Reagents and Antisera",334,,0
"25766","Gram's Iodine fluid ",,0,0.0000000000000000e+00,1,1000,100,50,1.00000000e+00,5.00000000e-01,2.50000000e-01,848,0.00000000e+00,0.00000000e+00,0.00000000e+00,1,0,"Laboratory Stains, Reagents and Antisera",327,,0
"25839","Drabkins solution (from Sigma reagents) ",,0,0.0000000000000000e+00,1,1000,100,50,1.00000000e+00,5.00000000e-01,2.50000000e-01,840,0.00000000e+00,0.00000000e+00,0.00000000e+00,1,0,"Laboratory Stains, Reagents and Antisera",319,,0
"25851","Glucose control serum ",,0,0.0000000000000000e+00,1,1000,100,50,1.00000000e+00,5.00000000e-01,2.50000000e-01,845,0.00000000e+00,0.00000000e+00,0.00000000e+00,1,0,"Laboratory Stains, Reagents and Antisera",324,,0
"25949","Acetone ",,0,0.0000000000000000e+00,1,1000,100,50,1.00000000e+00,5.00000000e-01,2.50000000e-01,824,0.00000000e+00,0.00000000e+00,0.00000000e+00,1,0,"Laboratory Stains, Reagents and Antisera",303,,0
"26026","Rubber teats to fit pasteur pipettes",,0,0.0000000000000000e+00,1,1000,100,50,1.00000000e+00,5.00000000e-01,2.50000000e-01,901,0.00000000e+00,0.00000000e+00,0.00000000e+00,1,0,"Laboratory Consumables",380,,0
"26115","Urine/stool specimen containers, disposable with screw cap ",,0,0.0000000000000000e+00,1,1000,100,50,1.00000000e+00,5.00000000e-01,2.50000000e-01,910,0.00000000e+00,0.00000000e+00,0.00000000e+00,1,0,"Laboratory Consumables",389,,0
"26195","Special coverslips for counting chambers ",,0,0.0000000000000000e+00,1,1000,100,50,1.00000000e+00,5.00000000e-01,2.50000000e-01,903,0.00000000e+00,0.00000000e+00,0.00000000e+00,1,0,"Laboratory Consumables",382,,0
"26219","Cotton wool ",,0,0.0000000000000000e+00,1,1000,100,50,1.00000000e+00,5.00000000e-01,2.50000000e-01,879,0.00000000e+00,0.00000000e+00,0.00000000e+00,1,0,"Laboratory Consumables",358,,0
"26220","Syringes, hypodermic (with disposable needle) 5 ml-21G ",,0,0.0000000000000000e+00,1,1000,100,50,1.00000000e+00,5.00000000e-01,2.50000000e-01,908,0.00000000e+00,0.00000000e+00,0.00000000e+00,1,0,"Laboratory Consumables",387,,0
"26250","Filter paper, Whatman # 1 24 cm diameter ",,0,0.0000000000000000e+00,1,1000,100,50,1.00000000e+00,5.00000000e-01,2.50000000e-01,888,0.00000000e+00,0.00000000e+00,0.00000000e+00,1,0,"Laboratory Consumables",367,,0
"26266","Blood pack labels ",,0,0.0000000000000000e+00,1,1000,100,50,1.00000000e+00,5.00000000e-01,2.50000000e-01,875,0.00000000e+00,0.00000000e+00,0.00000000e+00,1,0,"Laboratory Consumables",354,,0
"26272","Swabs for collection of cholera specimens ",,0,0.0000000000000000e+00,1,1000,100,50,1.00000000e+00,5.00000000e-01,2.50000000e-01,905,0.00000000e+00,0.00000000e+00,0.00000000e+00,1,0,"Laboratory Consumables",384,,0
"26277","Gauze swabs ",,0,0.0000000000000000e+00,1,1000,100,50,1.00000000e+00,5.00000000e-01,2.50000000e-01,889,0.00000000e+00,0.00000000e+00,0.00000000e+00,1,0,"Laboratory Consumables",368,,0
"26286","Sharps disposal box ",,0,0.0000000000000000e+00,1,1000,100,50,1.00000000e+00,5.00000000e-01,2.50000000e-01,902,0.00000000e+00,0.00000000e+00,0.00000000e+00,1,0,"Laboratory Consumables",381,,0
"26289","Cover slips 22 x 50 mm ",,0,0.0000000000000000e+00,1,1000,100,50,1.00000000e+00,5.00000000e-01,2.50000000e-01,881,0.00000000e+00,0.00000000e+00,0.00000000e+00,1,0,"Laboratory Consumables",360,,0
"26295","Cover slips 22 x 22 mm ",,0,0.0000000000000000e+00,1,1000,100,50,1.00000000e+00,5.00000000e-01,2.50000000e-01,880,0.00000000e+00,0.00000000e+00,0.00000000e+00,1,0,"Laboratory Consumables",359,,0
"26303","Syringes, hypodermic (with disposable needle) 10 ml-21G ",,0,0.0000000000000000e+00,1,1000,100,50,1.00000000e+00,5.00000000e-01,2.50000000e-01,906,0.00000000e+00,0.00000000e+00,0.00000000e+00,1,0,"Laboratory Consumables",385,,0
"26362","Plaster adhesive 2.5 cm ",,0,0.0000000000000000e+00,1,1000,100,50,1.00000000e+00,5.00000000e-01,2.50000000e-01,899,0.00000000e+00,0.00000000e+00,0.00000000e+00,1,0,"Laboratory Consumables",378,,0
"26370","Anticoagulant 450/500 ml capacity ",,0,0.0000000000000000e+00,1,1000,100,50,1.00000000e+00,5.00000000e-01,2.50000000e-01,870,0.00000000e+00,0.00000000e+00,0.00000000e+00,1,0,"Laboratory Consumables",349,,0
"26387","Applicator sticks ",,0,0.0000000000000000e+00,1,1000,100,50,1.00000000e+00,5.00000000e-01,2.50000000e-01,871,0.00000000e+00,0.00000000e+00,0.00000000e+00,1,0,"Laboratory Consumables",350,,0
"26405","Disposable plastic cuvettes for spectrophotometer ",,0,0.0000000000000000e+00,1,1000,100,50,1.00000000e+00,5.00000000e-01,2.50000000e-01,886,0.00000000e+00,0.00000000e+00,0.00000000e+00,1,0,"Laboratory Consumables",365,,0
"26407","Blood specimen tubes, plain/labelled 10ml ",,0,0.0000000000000000e+00,1,1000,100,50,1.00000000e+00,5.00000000e-01,2.50000000e-01,876,0.00000000e+00,0.00000000e+00,0.00000000e+00,1,0,"Laboratory Consumables",355,,0
"26413","Blood administration sets ",,0,0.0000000000000000e+00,1,1000,100,50,1.00000000e+00,5.00000000e-01,2.50000000e-01,873,0.00000000e+00,0.00000000e+00,0.00000000e+00,1,0,"Laboratory Consumables",352,,0
"26459","Graph paper sheets, A4 ",,0,0.0000000000000000e+00,1,1000,100,50,1.00000000e+00,5.00000000e-01,2.50000000e-01,891,0.00000000e+00,0.00000000e+00,0.00000000e+00,1,0,"Laboratory Consumables",370,,0
"26460","Pipette tips blue) - (for Eppendorf Pipette) dispense volume uP to 1ml ",,0,0.0000000000000000e+00,1,1000,100,50,1.00000000e+00,5.00000000e-01,2.50000000e-01,898,0.00000000e+00,0.00000000e+00,0.00000000e+00,1,0,"Laboratory Consumables",377,,0
"26470","Disposable paper masks ",,0,0.0000000000000000e+00,1,1000,100,50,1.00000000e+00,5.00000000e-01,2.50000000e-01,885,0.00000000e+00,0.00000000e+00,0.00000000e+00,1,0,"Laboratory Consumables",364,,0
"26488","Lens cleaning tissues. ",,0,0.0000000000000000e+00,1,1000,100,50,1.00000000e+00,5.00000000e-01,2.50000000e-01,894,0.00000000e+00,0.00000000e+00,0.00000000e+00,1,0,"Laboratory Consumables",373,,0
"26493","Water proof magic markers ",,0,0.0000000000000000e+00,1,1000,100,50,1.00000000e+00,5.00000000e-01,2.50000000e-01,911,0.00000000e+00,0.00000000e+00,0.00000000e+00,1,0,"Laboratory Consumables",390,,0
"26536","Laboratory TB register ",,0,0.0000000000000000e+00,1,1000,100,50,1.00000000e+00,5.00000000e-01,2.50000000e-01,893,0.00000000e+00,0.00000000e+00,0.00000000e+00,1,0,"Laboratory Consumables",372,,0
"26538","EDTA blood specimen tubes ",,0,0.0000000000000000e+00,1,1000,100,50,1.00000000e+00,5.00000000e-01,2.50000000e-01,887,0.00000000e+00,0.00000000e+00,0.00000000e+00,1,0,"Laboratory Consumables",366,,0
"26680","Disposable blood collection packs, double with needle and ACD ",,0,0.0000000000000000e+00,1,1000,100,50,1.00000000e+00,5.00000000e-01,2.50000000e-01,882,0.00000000e+00,0.00000000e+00,0.00000000e+00,1,0,"Laboratory Consumables",361,,0
"26681","Sputum collection containers ",,0,0.0000000000000000e+00,1,1000,100,50,1.00000000e+00,5.00000000e-01,2.50000000e-01,904,0.00000000e+00,0.00000000e+00,0.00000000e+00,1,0,"Laboratory Consumables",383,,0
"26683","Disposable blood collection packs, single with needle and ACD ",,0,0.0000000000000000e+00,1,1000,100,50,1.00000000e+00,5.00000000e-01,2.50000000e-01,883,0.00000000e+00,0.00000000e+00,0.00000000e+00,1,0,"Laboratory Consumables",362,,0
"26695","Blood lancets, disposable ",,0,0.0000000000000000e+00,1,1000,100,50,1.00000000e+00,5.00000000e-01,2.50000000e-01,874,0.00000000e+00,0.00000000e+00,0.00000000e+00,1,0,"Laboratory Consumables",353,,0
"26704","Glass slides ",,0,0.0000000000000000e+00,1,1000,100,50,1.00000000e+00,5.00000000e-01,2.50000000e-01,890,0.00000000e+00,0.00000000e+00,0.00000000e+00,1,0,"Laboratory Consumables",369,,0
"26713","Pasteur pipettes, short, glass (washable) ",,0,0.0000000000000000e+00,1,1000,100,50,1.00000000e+00,5.00000000e-01,2.50000000e-01,897,0.00000000e+00,0.00000000e+00,0.00000000e+00,1,0,"Laboratory Consumables",376,,0
"26723","Nichrome wire inoculating loops ",,0,0.0000000000000000e+00,1,1000,100,50,1.00000000e+00,5.00000000e-01,2.50000000e-01,896,0.00000000e+00,0.00000000e+00,0.00000000e+00,1,0,"Laboratory Consumables",375,,0
"26730","Temperature monitoring charts for blood bank ",,0,0.0000000000000000e+00,1,1000,100,50,1.00000000e+00,5.00000000e-01,2.50000000e-01,909,0.00000000e+00,0.00000000e+00,0.00000000e+00,1,0,"Laboratory Consumables",388,,0
"26732","Disposable latex gloves ",,0,0.0000000000000000e+00,1,1000,100,50,1.00000000e+00,5.00000000e-01,2.50000000e-01,884,0.00000000e+00,0.00000000e+00,0.00000000e+00,1,0,"Laboratory Consumables",363,,0
"26734","Capillary tubes - plain ",,0,0.0000000000000000e+00,1,1000,100,50,1.00000000e+00,5.00000000e-01,2.50000000e-01,878,0.00000000e+00,0.00000000e+00,0.00000000e+00,1,0,"Laboratory Consumables",357,,0
"26806","Yellow pipette tips - (for Eppendorf pipette) dispense volume up to 0.2 ml ",,0,0.0000000000000000e+00,1,1000,100,50,1.00000000e+00,5.00000000e-01,2.50000000e-01,912,0.00000000e+00,0.00000000e+00,0.00000000e+00,1,0,"Laboratory Consumables",391,,0
"26824","Potassium fluoride blood collection tubes",,0,0.0000000000000000e+00,1,1000,100,50,1.00000000e+00,5.00000000e-01,2.50000000e-01,900,0.00000000e+00,0.00000000e+00,0.00000000e+00,1,0,"Laboratory Consumables",379,,0
"26867","Autoclave tape 1cm x 12 m ",,0,0.0000000000000000e+00,1,1000,100,50,1.00000000e+00,5.00000000e-01,2.50000000e-01,872,0.00000000e+00,0.00000000e+00,0.00000000e+00,1,0,"Laboratory Consumables",351,,0
"26870","Hemocue Hb 201+ cuvettes (from Hemocue AB, Sweden) ",,0,0.0000000000000000e+00,1,1000,100,50,1.00000000e+00,5.00000000e-01,2.50000000e-01,892,0.00000000e+00,0.00000000e+00,0.00000000e+00,1,0,"Laboratory Consumables",371,,0
"26908","Microtitre plates Ü well 8 x 12 well ",,0,0.0000000000000000e+00,1,1000,100,50,1.00000000e+00,5.00000000e-01,2.50000000e-01,895,0.00000000e+00,0.00000000e+00,0.00000000e+00,1,0,"Laboratory Consumables",374,,0
"26955","Syringes, hypodermic (with disposable needle) 2 ml-23G ",,0,0.0000000000000000e+00,1,1000,100,50,1.00000000e+00,5.00000000e-01,2.50000000e-01,907,0.00000000e+00,0.00000000e+00,0.00000000e+00,1,0,"Laboratory Consumables",386,,0
"26970","Capillary tubes - heparinised ",,0,0.0000000000000000e+00,1,1000,100,50,1.00000000e+00,5.00000000e-01,2.50000000e-01,877,0.00000000e+00,0.00000000e+00,0.00000000e+00,1,0,"Laboratory Consumables",356,,0
"27000","Gallipots, plastic ",,0,0.0000000000000000e+00,1,1000,100,50,1.00000000e+00,5.00000000e-01,2.50000000e-01,921,0.00000000e+00,0.00000000e+00,0.00000000e+00,1,0,"Laboratory Glassware, Minor Equipment and Spare Pa",400,,0
"27018","Universal glass bottles with screw caps and rubber liners (washable and autoclavable) ",,0,0.0000000000000000e+00,1,1000,100,50,1.00000000e+00,5.00000000e-01,2.50000000e-01,950,0.00000000e+00,0.00000000e+00,0.00000000e+00,1,0,"Laboratory Glassware, Minor Equipment and Spare Pa",429,,0
"27049","Slide holding forceps ",,0,0.0000000000000000e+00,1,1000,100,50,1.00000000e+00,5.00000000e-01,2.50000000e-01,937,0.00000000e+00,0.00000000e+00,0.00000000e+00,1,0,"Laboratory Glassware, Minor Equipment and Spare Pa",416,,0
"27066","Plastic wash bottles 500 ml ",,0,0.0000000000000000e+00,1,1000,100,50,1.00000000e+00,5.00000000e-01,2.50000000e-01,933,0.00000000e+00,0.00000000e+00,0.00000000e+00,1,0,"Laboratory Glassware, Minor Equipment and Spare Pa",412,,0
"27075","Scissors, surgical straight ",,0,0.0000000000000000e+00,1,1000,100,50,1.00000000e+00,5.00000000e-01,2.50000000e-01,936,0.00000000e+00,0.00000000e+00,0.00000000e+00,1,0,"Laboratory Glassware, Minor Equipment and Spare Pa",415,,0
"27088","Counting chamber (Improved Neubaeur)  ",,0,0.0000000000000000e+00,1,1000,100,50,1.00000000e+00,5.00000000e-01,2.50000000e-01,916,0.00000000e+00,0.00000000e+00,0.00000000e+00,1,0,"Laboratory Glassware, Minor Equipment and Spare Pa",395,,0
"27107","Patient weighing scale (for blood donors) ",,0,0.0000000000000000e+00,1,1000,100,50,1.00000000e+00,5.00000000e-01,2.50000000e-01,929,0.00000000e+00,0.00000000e+00,0.00000000e+00,1,0,"Laboratory Glassware, Minor Equipment and Spare Pa",408,,0
"27139","Counting chamber (Fuchs Rosenthal)  ",,0,0.0000000000000000e+00,1,1000,100,50,1.00000000e+00,5.00000000e-01,2.50000000e-01,915,0.00000000e+00,0.00000000e+00,0.00000000e+00,1,0,"Laboratory Glassware, Minor Equipment and Spare Pa",394,,0
"27150","Pipettes, glass, graduated 10 ml ",,0,0.0000000000000000e+00,1,1000,100,50,1.00000000e+00,5.00000000e-01,2.50000000e-01,931,0.00000000e+00,0.00000000e+00,0.00000000e+00,1,0,"Laboratory Glassware, Minor Equipment and Spare Pa",410,,0
"27156","Sterilising drum ",,0,0.0000000000000000e+00,1,1000,100,50,1.00000000e+00,5.00000000e-01,2.50000000e-01,943,0.00000000e+00,0.00000000e+00,0.00000000e+00,1,0,"Laboratory Glassware, Minor Equipment and Spare Pa",422,,0
"27181","Test tube rack for 14mm test tubes ",,0,0.0000000000000000e+00,1,1000,100,50,1.00000000e+00,5.00000000e-01,2.50000000e-01,946,0.00000000e+00,0.00000000e+00,0.00000000e+00,1,0,"Laboratory Glassware, Minor Equipment and Spare Pa",425,,0
"27190","Funnel, glass 150 mm ",,0,0.0000000000000000e+00,1,1000,100,50,1.00000000e+00,5.00000000e-01,2.50000000e-01,919,0.00000000e+00,0.00000000e+00,0.00000000e+00,1,0,"Laboratory Glassware, Minor Equipment and Spare Pa",398,,0
"27240","Spring balance, range up to 1kg, readability 10g ",,0,0.0000000000000000e+00,1,1000,100,50,1.00000000e+00,5.00000000e-01,2.50000000e-01,942,0.00000000e+00,0.00000000e+00,0.00000000e+00,1,0,"Laboratory Glassware, Minor Equipment and Spare Pa",421,,0
"27301","Test tubes (Khan) 75 x 12 mm ",,0,0.0000000000000000e+00,1,1000,100,50,1.00000000e+00,5.00000000e-01,2.50000000e-01,948,0.00000000e+00,0.00000000e+00,0.00000000e+00,1,0,"Laboratory Glassware, Minor Equipment and Spare Pa",427,,0
"27305","Microscope fuses ",,0,0.0000000000000000e+00,1,1000,100,50,1.00000000e+00,5.00000000e-01,2.50000000e-01,928,0.00000000e+00,0.00000000e+00,0.00000000e+00,1,0,"Laboratory Glassware, Minor Equipment and Spare Pa",407,,0
"27307","Rack for staining troughs ",,0,0.0000000000000000e+00,1,1000,100,50,1.00000000e+00,5.00000000e-01,2.50000000e-01,934,0.00000000e+00,0.00000000e+00,0.00000000e+00,1,0,"Laboratory Glassware, Minor Equipment and Spare Pa",413,,0
"27390","Spectrophotometer fuses ",,0,0.0000000000000000e+00,1,1000,100,50,1.00000000e+00,5.00000000e-01,2.50000000e-01,939,0.00000000e+00,0.00000000e+00,0.00000000e+00,1,0,"Laboratory Glassware, Minor Equipment and Spare Pa",418,,0
"27395","Glass test-tubes 150 x 14mm ",,0,0.0000000000000000e+00,1,1000,100,50,1.00000000e+00,5.00000000e-01,2.50000000e-01,923,0.00000000e+00,0.00000000e+00,0.00000000e+00,1,0,"Laboratory Glassware, Minor Equipment and Spare Pa",402,,0
"27410","Funnel, glass 250 mm ",,0,0.0000000000000000e+00,1,1000,100,50,1.00000000e+00,5.00000000e-01,2.50000000e-01,920,0.00000000e+00,0.00000000e+00,0.00000000e+00,1,0,"Laboratory Glassware, Minor Equipment and Spare Pa",399,,0
"27431","Measuring cylinder, graduated, with stopper 1 litre ",,0,0.0000000000000000e+00,1,1000,100,50,1.00000000e+00,5.00000000e-01,2.50000000e-01,926,0.00000000e+00,0.00000000e+00,0.00000000e+00,1,0,"Laboratory Glassware, Minor Equipment and Spare Pa",405,,0
"27443","Pipettes, glass, graduated 1 ml ",,0,0.0000000000000000e+00,1,1000,100,50,1.00000000e+00,5.00000000e-01,2.50000000e-01,930,0.00000000e+00,0.00000000e+00,0.00000000e+00,1,0,"Laboratory Glassware, Minor Equipment and Spare Pa",409,,0
"27507","Diamond slide marker ",,0,0.0000000000000000e+00,1,1000,100,50,1.00000000e+00,5.00000000e-01,2.50000000e-01,917,0.00000000e+00,0.00000000e+00,0.00000000e+00,1,0,"Laboratory Glassware, Minor Equipment and Spare Pa",396,,0
"27567","Pipettes, glass, graduated 5 ml ",,0,0.0000000000000000e+00,1,1000,100,50,1.00000000e+00,5.00000000e-01,2.50000000e-01,932,0.00000000e+00,0.00000000e+00,0.00000000e+00,1,0,"Laboratory Glassware, Minor Equipment and Spare Pa",411,,0
"27580","Spirit lamp ",,0,0.0000000000000000e+00,1,1000,100,50,1.00000000e+00,5.00000000e-01,2.50000000e-01,941,0.00000000e+00,0.00000000e+00,0.00000000e+00,1,0,"Laboratory Glassware, Minor Equipment and Spare Pa",420,,0
"27620","Spectrophotometer bulbs ",,0,0.0000000000000000e+00,1,1000,100,50,1.00000000e+00,5.00000000e-01,2.50000000e-01,938,0.00000000e+00,0.00000000e+00,0.00000000e+00,1,0,"Laboratory Glassware, Minor Equipment and Spare Pa",417,,0
"27697","Test tube rack for Khan tubes ",,0,0.0000000000000000e+00,1,1000,100,50,1.00000000e+00,5.00000000e-01,2.50000000e-01,947,0.00000000e+00,0.00000000e+00,0.00000000e+00,1,0,"Laboratory Glassware, Minor Equipment and Spare Pa",426,,0
"27718","Sphygmomanometer (for collection of blood donations) ",,0,0.0000000000000000e+00,1,1000,100,50,1.00000000e+00,5.00000000e-01,2.50000000e-01,940,0.00000000e+00,0.00000000e+00,0.00000000e+00,1,0,"Laboratory Glassware, Minor Equipment and Spare Pa",419,,0
"27721","Bijou bottles with stainless steel screw cap (washable & autoclavable) ",,0,0.0000000000000000e+00,1,1000,100,50,1.00000000e+00,5.00000000e-01,2.50000000e-01,913,0.00000000e+00,0.00000000e+00,0.00000000e+00,1,0,"Laboratory Glassware, Minor Equipment and Spare Pa",392,,0
"27745","Tourniquet (for venous blood collection) ",,0,0.0000000000000000e+00,1,1000,100,50,1.00000000e+00,5.00000000e-01,2.50000000e-01,949,0.00000000e+00,0.00000000e+00,0.00000000e+00,1,0,"Laboratory Glassware, Minor Equipment and Spare Pa",428,,0
"27751","Conical centrifuge tubes (glass) ",,0,0.0000000000000000e+00,1,1000,100,50,1.00000000e+00,5.00000000e-01,2.50000000e-01,914,0.00000000e+00,0.00000000e+00,0.00000000e+00,1,0,"Laboratory Glassware, Minor Equipment and Spare Pa",393,,0
"27753","Tally counter ",,0,0.0000000000000000e+00,1,1000,100,50,1.00000000e+00,5.00000000e-01,2.50000000e-01,944,0.00000000e+00,0.00000000e+00,0.00000000e+00,1,0,"Laboratory Glassware, Minor Equipment and Spare Pa",423,,0
"27775","Waterbath thermometer (10 - 100°C) ",,0,0.0000000000000000e+00,1,1000,100,50,1.00000000e+00,5.00000000e-01,2.50000000e-01,951,0.00000000e+00,0.00000000e+00,0.00000000e+00,1,0,"Laboratory Glassware, Minor Equipment and Spare Pa",430,,0
"27790","Test tube rack for 10ml blood collection bottles ",,0,0.0000000000000000e+00,1,1000,100,50,1.00000000e+00,5.00000000e-01,2.50000000e-01,945,0.00000000e+00,0.00000000e+00,0.00000000e+00,1,0,"Laboratory Glassware, Minor Equipment and Spare Pa",424,,0
"27791","Inoculating loop handle ",,0,0.0000000000000000e+00,1,1000,100,50,1.00000000e+00,5.00000000e-01,2.50000000e-01,924,0.00000000e+00,0.00000000e+00,0.00000000e+00,1,0,"Laboratory Glassware, Minor Equipment and Spare Pa",403,,0
"27840","Forceps, haemostatic, straight, Kelly 140mm SS ",,0,0.0000000000000000e+00,1,1000,100,50,1.00000000e+00,5.00000000e-01,2.50000000e-01,918,0.00000000e+00,0.00000000e+00,0.00000000e+00,1,0,"Laboratory Glassware, Minor Equipment and Spare Pa",397,,0
"27871","Microscope bulbs ",,0,0.0000000000000000e+00,1,1000,100,50,1.00000000e+00,5.00000000e-01,2.50000000e-01,927,0.00000000e+00,0.00000000e+00,0.00000000e+00,1,0,"Laboratory Glassware, Minor Equipment and Spare Pa",406,,0
"27872","Glass staining troughs with lids 250ml ",,0,0.0000000000000000e+00,1,1000,100,50,1.00000000e+00,5.00000000e-01,2.50000000e-01,922,0.00000000e+00,0.00000000e+00,0.00000000e+00,1,0,"Laboratory Glassware, Minor Equipment and Spare Pa",401,,0
"27875","Maximum-minimum refrigerator thermometer ",,0,0.0000000000000000e+00,1,1000,100,50,1.00000000e+00,5.00000000e-01,2.50000000e-01,925,0.00000000e+00,0.00000000e+00,0.00000000e+00,1,0,"Laboratory Glassware, Minor Equipment and Spare Pa",404,,0
"27997","Rubber bulb pipette filler, 3-valve, hand-operated to 10ml ",,0,0.0000000000000000e+00,1,1000,100,50,1.00000000e+00,5.00000000e-01,2.50000000e-01,935,0.00000000e+00,0.00000000e+00,0.00000000e+00,1,0,"Laboratory Glassware, Minor Equipment and Spare Pa",414,,0
"28191","Handwashing soap ",,0,0.0000000000000000e+00,1,1000,100,50,1.00000000e+00,5.00000000e-01,2.50000000e-01,953,0.00000000e+00,0.00000000e+00,0.00000000e+00,1,0,"Laboratory Protective Clothing and Safety Items",432,,0
"28293","Hand towels ",,0,0.0000000000000000e+00,1,1000,100,50,1.00000000e+00,5.00000000e-01,2.50000000e-01,952,0.00000000e+00,0.00000000e+00,0.00000000e+00,1,0,"Laboratory Protective Clothing and Safety Items",431,,0
"28381","White laboratory coats (Howie style) ",,0,0.0000000000000000e+00,1,1000,100,50,1.00000000e+00,5.00000000e-01,2.50000000e-01,955,0.00000000e+00,0.00000000e+00,0.00000000e+00,1,0,"Laboratory Protective Clothing and Safety Items",434,,0
"28687","Laboratory eye shield goggles ",,0,0.0000000000000000e+00,1,1000,100,50,1.00000000e+00,5.00000000e-01,2.50000000e-01,954,0.00000000e+00,0.00000000e+00,0.00000000e+00,1,0,"Laboratory Protective Clothing and Safety Items",433,,0
